ONTOLOGY,ID,Description,GeneRatio,BgRatio,RichFactor,FoldEnrichment,zScore,pvalue,p_adjust,qvalue,geneID,Count
BP,GO:0051336,regulation of hydrolase activity,78/2733,228/15876,0.34210526315789475,1.9872898492113928,6.847185686481854,3.3057655087988587e-10,4.384469625303405e-7,3.9035087081250733e-7,AHSG/APOA2/SERPINA1/KNG1/TBC1D16/ANGPTL3/IQGAP2/HRG/NGEF/VAV3/SERPINC1/RALGAPA1/RASA1/SERPING1/RAP1GDS1/ALS2/ASAP1/RAPGEF5/SOS1/RALGAPA2/CHN2/RASGEF1B/SERPINA3/ASAP2/FETUB/TFPI/SERPINA6/SERPINA11/VAV2/ARHGAP29/TBC1D15/SERPINA5/URI1/DOCK9/SERPIND1/ARHGAP24/SERPINA4/RGL1/DOCK11/GAPVD1/SOS2/RASGRP3/ARHGAP12/CCPG1/DOCK7/ARAP2/NF1/PLXNA2/RAB3GAP1/RASA2/TBCK/CTSS/TERF1/RALGAPB/TBC1D5/ARHGAP15/RAPGEF1/PLXNC1/SCARB2/RASGRP1/GNA13/RAB3GAP2/SIPA1L1/RALGPS1/FGD6/ARHGAP17/ARHGAP25/ARHGEF15/DOCK6/TIAM1/ARHGAP45/DOCK10/PBXIP1/RAPGEFL1/SGSM1/ARHGEF16/PLXNA4/RALGPS2,78
BP,GO:0030163,protein catabolic process,121/2733,413/15876,0.2929782082324455,1.701910733222944,6.590820141200097,5.578382805742234e-10,4.384469625303405e-7,3.9035087081250733e-7,CLU/MANBA/VPS28/WWP1/UBR1/RNF111/SH3D19/CTSC/IDE/LGMN/RNF217/EDEM3/ATE1/ZNRF3/UBE3C/HERC4/MAN1A1/RNF185/ANKIB1/PSMD1/FBXL13/APPBP2/RNF180/COMMD1/CUL3/RC3H2/WWP2/APC/UBE3D/RNF13/PSMD14/UBR3/PSMB7/RAD23B/APOE/NGLY1/CTSO/CUL5/TNFRSF1B/ARMC8/SMURF2/ZNRF2/FBXL17/ELOC/FBXL4/AZIN1/PSMA4/RNF213/FHIT/VPS36/RNF144B/RC3H1/CSNK1D/RNF19A/MAN1C1/FBXL7/LONP2/PSMA1/VPS37B/ERCC8/BFAR/PSME4/VPS37A/PSMA6/CDC16/FBXO10/UBE2H/UBXN2B/CLPX/FBXL20/ERLEC1/CTSS/ANAPC10/ZNRF1/LYPLAL1/SPOPL/N4BP1/FBXW4/FBXO38/STAM/UBE2K/TRPC4AP/UBE2R2/SH3RF2/PLAA/MAN1A2/HERPUD1/UBA6/TRIM2/OS9/ABHD17B/FBXO31/VCP/RHOBTB1/HERC6/FBXO11/NUB1/MYLIP/CDC23/PSMA7/LAMP2/HECTD1/PSMD3/RNF144A/DDB1/UBR2/RNF19B/NEDD4L/ITCH/RNF125/RNF114/HECTD2/RSPRY1/FBXO9/UCHL3/PSMD7/CDC27/UBR4/UBE3B/LTN1/YME1L1,121
BP,GO:0051603,proteolysis involved in protein catabolic process,113/2733,378/15876,0.29894179894179895,1.7365532381997804,6.6090896614396835,5.681818088946098e-10,4.384469625303405e-7,3.9035087081250733e-7,CLU/VPS28/WWP1/UBR1/RNF111/SH3D19/CTSC/IDE/LGMN/RNF217/EDEM3/ATE1/ZNRF3/UBE3C/HERC4/MAN1A1/RNF185/ANKIB1/PSMD1/FBXL13/APPBP2/RNF180/COMMD1/CUL3/RC3H2/WWP2/UBE3D/RNF13/PSMD14/UBR3/PSMB7/RAD23B/NGLY1/CTSO/CUL5/ARMC8/SMURF2/ZNRF2/FBXL17/ELOC/FBXL4/PSMA4/RNF213/FHIT/VPS36/RNF144B/RC3H1/CSNK1D/RNF19A/MAN1C1/FBXL7/LONP2/PSMA1/VPS37B/ERCC8/BFAR/PSME4/VPS37A/PSMA6/CDC16/FBXO10/UBE2H/UBXN2B/CLPX/FBXL20/ERLEC1/CTSS/ANAPC10/ZNRF1/SPOPL/N4BP1/FBXW4/FBXO38/STAM/UBE2K/TRPC4AP/UBE2R2/SH3RF2/PLAA/MAN1A2/HERPUD1/UBA6/TRIM2/OS9/FBXO31/VCP/RHOBTB1/HERC6/FBXO11/NUB1/MYLIP/CDC23/PSMA7/HECTD1/PSMD3/RNF144A/DDB1/UBR2/RNF19B/NEDD4L/ITCH/RNF125/RNF114/HECTD2/RSPRY1/FBXO9/UCHL3/PSMD7/CDC27/UBR4/UBE3B/LTN1/YME1L1,113
BP,GO:0006511,ubiquitin-dependent protein catabolic process,94/2733,301/15876,0.3122923588039867,1.8141066550940697,6.502493908205736,1.3738642636039335e-9,7.951239425607765e-7,7.0790163898329e-7,CLU/VPS28/WWP1/UBR1/RNF111/SH3D19/RNF217/ATE1/ZNRF3/UBE3C/HERC4/RNF185/ANKIB1/PSMD1/FBXL13/APPBP2/RNF180/COMMD1/CUL3/RC3H2/WWP2/UBE3D/RNF13/PSMD14/UBR3/RAD23B/CUL5/ARMC8/SMURF2/ZNRF2/FBXL17/ELOC/FBXL4/PSMA4/RNF213/FHIT/VPS36/RNF144B/RC3H1/CSNK1D/RNF19A/FBXL7/PSMA1/VPS37B/ERCC8/BFAR/VPS37A/PSMA6/CDC16/FBXO10/UBE2H/UBXN2B/FBXL20/ANAPC10/ZNRF1/SPOPL/N4BP1/FBXW4/FBXO38/STAM/UBE2K/TRPC4AP/UBE2R2/SH3RF2/PLAA/HERPUD1/UBA6/TRIM2/FBXO31/RHOBTB1/HERC6/FBXO11/NUB1/MYLIP/CDC23/PSMA7/HECTD1/PSMD3/RNF144A/DDB1/UBR2/RNF19B/NEDD4L/ITCH/RNF125/RNF114/HECTD2/FBXO9/UCHL3/PSMD7/CDC27/UBR4/UBE3B/LTN1,94
BP,GO:0043087,regulation of GTPase activity,57/2733,154/15876,0.37012987012987014,2.1500848218740645,6.539819550618872,3.018717280323433e-9,1.3976661007897494e-6,1.244347038920691e-6,TBC1D16/IQGAP2/NGEF/VAV3/RALGAPA1/RASA1/RAP1GDS1/ALS2/ASAP1/RAPGEF5/SOS1/RALGAPA2/CHN2/RASGEF1B/ASAP2/VAV2/ARHGAP29/TBC1D15/DOCK9/ARHGAP24/RGL1/DOCK11/GAPVD1/SOS2/RASGRP3/ARHGAP12/CCPG1/DOCK7/ARAP2/NF1/PLXNA2/RAB3GAP1/RASA2/TBCK/RALGAPB/TBC1D5/ARHGAP15/RAPGEF1/PLXNC1/RASGRP1/RAB3GAP2/SIPA1L1/RALGPS1/FGD6/ARHGAP17/ARHGAP25/ARHGEF15/DOCK6/TIAM1/ARHGAP45/DOCK10/PBXIP1/RAPGEFL1/SGSM1/ARHGEF16/PLXNA4/RALGPS2,57
BP,GO:0019941,modification-dependent protein catabolic process,94/2733,316/15876,0.2974683544303797,1.7279939974155538,5.960682264309113,2.0736324088244076e-8,6.064592058889748e-6,5.399327612279699e-6,CLU/VPS28/WWP1/UBR1/RNF111/SH3D19/RNF217/ATE1/ZNRF3/UBE3C/HERC4/RNF185/ANKIB1/PSMD1/FBXL13/APPBP2/RNF180/COMMD1/CUL3/RC3H2/WWP2/UBE3D/RNF13/PSMD14/UBR3/RAD23B/CUL5/ARMC8/SMURF2/ZNRF2/FBXL17/ELOC/FBXL4/PSMA4/RNF213/FHIT/VPS36/RNF144B/RC3H1/CSNK1D/RNF19A/FBXL7/PSMA1/VPS37B/ERCC8/BFAR/VPS37A/PSMA6/CDC16/FBXO10/UBE2H/UBXN2B/FBXL20/ANAPC10/ZNRF1/SPOPL/N4BP1/FBXW4/FBXO38/STAM/UBE2K/TRPC4AP/UBE2R2/SH3RF2/PLAA/HERPUD1/UBA6/TRIM2/FBXO31/RHOBTB1/HERC6/FBXO11/NUB1/MYLIP/CDC23/PSMA7/HECTD1/PSMD3/RNF144A/DDB1/UBR2/RNF19B/NEDD4L/ITCH/RNF125/RNF114/HECTD2/FBXO9/UCHL3/PSMD7/CDC27/UBR4/UBE3B/LTN1,94
BP,GO:0043632,modification-dependent macromolecule catabolic process,94/2733,316/15876,0.2974683544303797,1.7279939974155538,5.960682264309113,2.0736324088244076e-8,6.064592058889748e-6,5.399327612279699e-6,CLU/VPS28/WWP1/UBR1/RNF111/SH3D19/RNF217/ATE1/ZNRF3/UBE3C/HERC4/RNF185/ANKIB1/PSMD1/FBXL13/APPBP2/RNF180/COMMD1/CUL3/RC3H2/WWP2/UBE3D/RNF13/PSMD14/UBR3/RAD23B/CUL5/ARMC8/SMURF2/ZNRF2/FBXL17/ELOC/FBXL4/PSMA4/RNF213/FHIT/VPS36/RNF144B/RC3H1/CSNK1D/RNF19A/FBXL7/PSMA1/VPS37B/ERCC8/BFAR/VPS37A/PSMA6/CDC16/FBXO10/UBE2H/UBXN2B/FBXL20/ANAPC10/ZNRF1/SPOPL/N4BP1/FBXW4/FBXO38/STAM/UBE2K/TRPC4AP/UBE2R2/SH3RF2/PLAA/HERPUD1/UBA6/TRIM2/FBXO31/RHOBTB1/HERC6/FBXO11/NUB1/MYLIP/CDC23/PSMA7/HECTD1/PSMD3/RNF144A/DDB1/UBR2/RNF19B/NEDD4L/ITCH/RNF125/RNF114/HECTD2/FBXO9/UCHL3/PSMD7/CDC27/UBR4/UBE3B/LTN1,94
BP,GO:1903311,regulation of mRNA metabolic process,46/2733,119/15876,0.3865546218487395,2.2454962226383417,6.218828164964424,2.095755355123887e-8,6.064592058889748e-6,5.399327612279699e-6,RBFOX1/SRPK2/SRPK1/SAMD4A/RBFOX2/FXR1/RC3H2/LARP1B/QKI/ANGEL2/DCP1A/TNRC6B/PAN3/RC3H1/CELF2/SON/HNRNPK/TNRC6C/PARN/LARP1/RBMX/ZC3H14/ZC3HAV1/RBM23/KHDRBS3/YTHDC1/PATL1/WTAP/CELF1/SAFB/PUM2/SRRM1/CNOT2/CNOT6L/CIRBP/TRA2B/DCP1B/DCP2/CNOT1/FMR1/FASTKD1/SYNCRIP/KHDRBS2/RBM3/HNRNPU/SF1,46
BP,GO:0050790,regulation of catalytic activity,122/2733,456/15876,0.2675438596491228,1.5541625743832688,5.475286582032794,1.5356641941483846e-7,3.9375845213370655e-5,3.505645330352609e-5,AHSG/APOA2/SERPINA1/KNG1/TBC1D16/ANGPTL3/FGFR4/IQGAP2/HRG/NGEF/VAV3/SERPINC1/RALGAPA1/RASA1/SERPING1/RAP1GDS1/ALS2/ASAP1/LGR4/DUSP10/RAPGEF5/SOS1/RALGAPA2/CHN2/RASGEF1B/SERPINA3/ASAP2/FETUB/PDGFC/TFPI/MNAT1/SERPINA6/SERPINA11/ERBB4/VAV2/CCNH/APOE/ARHGAP29/TBC1D15/DCP1A/SERPINA5/URI1/DOCK9/SERPIND1/STRADB/ARHGAP24/KDR/PRKAR2A/SERPINA4/RGL1/PTPRS/DOCK11/UBASH3B/GAPVD1/SOS2/EGFR/RASGRP3/ARHGAP12/IGF1R/CCPG1/PDGFRB/DOCK7/ARAP2/TAB2/CBL/CCNJL/DTNBP1/NF1/CBLB/CCNI/PLXNA2/RAB3GAP1/RASA2/GCLM/TBCK/CTSS/TERF1/CDK5RAP3/RALGAPB/CCND1/TBC1D5/STRADA/ARHGAP15/RAPGEF1/PLXNC1/FGFR1/PRRC1/PTPRH/CSF1R/CCNY/SCARB2/RASGRP1/DCP1B/GNA13/RAB3GAP2/SIPA1L1/RALGPS1/CCNG2/KIT/RXFP1/FGD6/PDGFD/ARHGAP17/ARHGAP25/XRCC4/ARHGEF15/PTPRB/DOCK6/TIAM1/TPD52L1/ARHGAP45/DOCK10/TRAF4/PBXIP1/RAPGEFL1/SGSM1/FGFR2/ARHGEF16/PLXNA4/MST1R/CD74/RALGPS2,122
BP,GO:0045935,positive regulation of nucleobase-containing compound metabolic process,111/2733,406/15876,0.2733990147783251,1.5881751769559784,5.474620012372384,1.7009004411823178e-7,3.9375845213370655e-5,3.505645330352609e-5,MEOX2/NR1H4/GATA4/PPARA/NCOA3/SMARCA2/NCOA1/HNF4G/THRAP3/SAMD4A/ARID1B/TBX3/HIPK2/NCOA2/YAP1/MEF2A/MAML3/UIMC1/CDC73/RC3H2/BAZ1A/KMT2A/SLF2/CRTC3/KAT6A/HMBOX1/DCP1A/TNRC6B/DYRK1A/CTNNB1/NCOA6/TAF3/MGA/BCL3/PAN3/MAML2/PPARGC1B/ZFPM2/SMAD3/RC3H1/WWTR1/LMO2/ARID1A/POGZ/TNRC6C/GPBP1/SREBF2/LDB2/PARN/DCAF6/TFCP2/ATAD2B/RYBP/NLRC5/LPIN2/NR1D2/RBMX/CHUK/ZC3HAV1/CREBBP/ASXL2/MEF2C/KAT2B/MEIS2/TET2/CDK5RAP2/GPBP1L1/PATL1/NR1H3/THRB/ZNF407/KDM1B/EP300/ICE2/EYA2/EYA3/CNOT2/KDM1A/SMAD2/CNOT6L/CIRBP/TRA2B/MEIS1/WDR75/BCLAF3/DCP1B/KAT7/PLAC8/DCP2/PRDM10/RNF10/TBX20/CCNT1/TP53BP1/ATAD2/SSBP3/MAX/CCNT2/HEATR1/KAT6B/CNOT1/NR1D1/CDK12/BCL9/RELB/BCLAF1/MYRF/RBM3/ZNF827/HNRNPU/SMARCC1,111
BP,GO:0051254,positive regulation of RNA metabolic process,106/2733,384/15876,0.2760416666666667,1.60352634467618,5.459307151269089,1.9185022776257631e-7,4.037575247912402e-5,3.594667425446167e-5,MEOX2/NR1H4/GATA4/PPARA/NCOA3/SMARCA2/NCOA1/HNF4G/THRAP3/SAMD4A/ARID1B/TBX3/HIPK2/NCOA2/YAP1/MEF2A/MAML3/CDC73/RC3H2/KMT2A/CRTC3/KAT6A/HMBOX1/DCP1A/TNRC6B/DYRK1A/CTNNB1/NCOA6/TAF3/MGA/BCL3/PAN3/MAML2/PPARGC1B/ZFPM2/SMAD3/RC3H1/WWTR1/LMO2/ARID1A/POGZ/TNRC6C/GPBP1/SREBF2/LDB2/PARN/DCAF6/TFCP2/ATAD2B/RYBP/NLRC5/LPIN2/NR1D2/RBMX/CHUK/ZC3HAV1/CREBBP/ASXL2/MEF2C/KAT2B/MEIS2/TET2/CDK5RAP2/GPBP1L1/PATL1/NR1H3/THRB/ZNF407/KDM1B/EP300/ICE2/CNOT2/KDM1A/SMAD2/CNOT6L/CIRBP/TRA2B/MEIS1/WDR75/BCLAF3/DCP1B/KAT7/PLAC8/DCP2/PRDM10/RNF10/TBX20/CCNT1/TP53BP1/ATAD2/SSBP3/MAX/CCNT2/HEATR1/KAT6B/CNOT1/NR1D1/CDK12/BCL9/RELB/BCLAF1/MYRF/RBM3/ZNF827/HNRNPU/SMARCC1,106
BP,GO:0006886,intracellular protein transport,95/2733,336/15876,0.28273809523809523,1.6424259055982438,5.427459679062371,2.5022784807847476e-7,4.6530539036288285e-5,4.142630234536886e-5,SNX1/VPS28/VPS13A/AP3B1/SH3D19/SCFD2/VPS13D/SEC24D/PEX3/RANBP17/ERBIN/STX18/ZFYVE16/APPBP2/IPO11/SEC24C/NUP214/EXOC6B/TNPO3/XPO4/PEX14/STX3/SCFD1/ARF4/AP2B1/VTI1A/STRADB/AP1B1/VPS36/WLS/SNX9/IPO8/SEC31A/VPS37B/MYRIP/TNPO1/KPNB1/VPS37A/SNX2/STX8/XPO1/COPA/COPG2/EXOC6/XPO6/KPNA1/C2CD5/SEC62/PIK3R4/KPNA4/VPS45/ERLEC1/NUP153/SNX27/NUP107/PEX7/SEC23A/KPNA3/AP4E1/PEX6/STRADA/TRAM2/XPO5/NUP155/STAM/VPS13C/NAPB/CSE1L/STX7/NUP88/STX17/OS9/RIC1/SCARB2/VCP/SRP54/CHM/SYTL2/STXBP3/AP1M1/FAM91A1/LAMP2/COG7/ARFIP1/STX5/SNX10/VPS41/SEC23B/SEC24B/SORL1/SYTL3/ARL5A/CD74/VPS8/AP1S3,95
BP,GO:0044093,positive regulation of molecular function,90/2733,314/15876,0.28662420382165604,1.6650003146259098,5.427294624540168,2.6607598105944275e-7,4.6530539036288285e-5,4.142630234536886e-5,TBC1D16/IRAK2/FGFR4/NGEF/RALGAPA1/RAP1GDS1/ASAP1/LGR4/RAPGEF5/IL1RAP/SOS1/RALGAPA2/CHN2/RASGEF1B/ASAP2/PDGFC/MNAT1/ERBB4/MAP3K13/CRTC3/APOE/ARHGAP29/TBC1D15/DCP1A/LRP6/DOCK9/STRADB/PPARGC1B/ARHGAP24/KDR/RGL1/DOCK11/SOS2/EGFR/RASGRP3/IGF1R/PDGFRB/DOCK7/MALT1/ARAP2/TAB2/CHUK/AKAP9/TCAF1/RAB3GAP1/GCLM/STIM2/TBCK/CTSS/RALGAPB/TBC1D5/STRADA/RAPGEF1/FGFR1/DNAJC24/PRRC1/CSF1R/RASGRP1/DCP1B/GNA13/TRIM37/SIPA1L1/JMY/TRIM6/RALGPS1/KIT/RXFP1/STIMATE/PDGFD/ARHGAP17/ARHGAP25/XRCC4/ARHGEF15/IL18RAP/DOCK6/TIAM1/TPD52L1/STIM1/ARHGAP45/DOCK10/TRAF4/RAPGEFL1/SGSM1/FGFR2/TRIM22/ARHGEF16/MST1R/TRIM38/CD74/RALGPS2,90
BP,GO:0000209,protein polyubiquitination,49/2733,140/15876,0.35,2.033150384193194,5.598991585270196,2.8139418855638704e-7,4.6530539036288285e-5,4.142630234536886e-5,WWP1/HERC3/UBE4B/RNF217/UBE3C/HERC4/ANKIB1/UBE2E2/UBR5/RNF180/RC3H2/WWP2/UBE3D/SMURF2/ZNRF2/WSB1/RNF144B/RC3H1/RNF19A/ERCC8/SHPRH/UBE4A/UBE2H/UBE2E3/ANAPC10/ZNRF1/FBXO38/UBE2E1/UBE2K/UBE2L3/UBE2R2/TRIM2/HERC6/TRIM6/HECTD1/RNF144A/MTPN/TRAF3/RNF19B/NEDD4L/TRIM27/ITCH/RNF125/RNF114/HECTD2/RNF31/TRIM22/UBE3B/TRIM38,49
BP,GO:0051640,organelle localization,66/2733,213/15876,0.30985915492957744,1.7999721711167112,5.359899368621143,5.171910081396297e-7,7.748981899833283e-5,6.898945804193961e-5,AP3B1/SYNE2/ARHGAP21/CADPS2/PARD3/MYO5A/SPIRE2/TFG/LYN/MYO5B/RHOT1/EXOC6B/EXOC4/CLASP1/UNC13B/ARCN1/STX3/PICALM/CLASP2/MYO6/RAB12/CADPS/SYNE1/MYO1D/FER/NUMA1/TRAK1/MYO1E/TBC1D23/STX8/XPO1/UNC13C/DTNBP1/AKAP9/COPG2/EXOC6/MTM1/CDK5RAP2/SYNDIG1/CEP120/ZNF207/SYK/BORCS5/SEC16A/PAFAH1B1/FYCO1/TMEM106B/MFN1/MFN2/STX7/NUP88/STX17/STARD3NL/CEP83/STXBP3/ARFGAP2/ARFGAP3/FAM91A1/CENPC/STX5/ASPM/NMD3/ACTR10/RAB8B/SYNE3/HNRNPU,66
BP,GO:0018105,peptidyl-serine phosphorylation,37/2733,96/15876,0.3854166666666667,2.2388858397365534,5.5519153398666505,5.355667835737906e-7,7.748981899833283e-5,6.898945804193961e-5,CAMK1D/BCAR3/SRPK2/TLK2/CSNK1G1/SRPK1/RPS6KA3/HIPK2/TLK1/PKN2/PRKCE/STK38/HIPK3/PRKCA/DYRK1A/CSNK1A1/MAST4/RPS6KA2/CSNK1D/VRK2/CHUK/AKAP9/RPS6KA5/CSNK2A1/LATS1/NEK7/CSNK1G3/ULK2/TTBK2/TBK1/VRK1/PRKCD/RPS6KA4/VRK3/PKN1/NEK6/ULK1,37
BP,GO:0018209,peptidyl-serine modification,37/2733,98/15876,0.37755102040816324,2.1931942919868277,5.402909063469667,9.71134661995651e-7,1.322456907364666e-4,1.1773880298374517e-4,CAMK1D/BCAR3/SRPK2/TLK2/CSNK1G1/SRPK1/RPS6KA3/HIPK2/TLK1/PKN2/PRKCE/STK38/HIPK3/PRKCA/DYRK1A/CSNK1A1/MAST4/RPS6KA2/CSNK1D/VRK2/CHUK/AKAP9/RPS6KA5/CSNK2A1/LATS1/NEK7/CSNK1G3/ULK2/TTBK2/TBK1/VRK1/PRKCD/RPS6KA4/VRK3/PKN1/NEK6/ULK1,37
BP,GO:0007264,small GTPase-mediated signal transduction,76/2733,261/15876,0.29118773946360155,1.6915098981793408,5.136615869560553,1.1422905312601995e-6,1.423063333500673e-4,1.266958284412558e-4,BCAR3/RND3/GBF1/RALGAPA1/ARFGEF1/RAPGEF5/ROCK2/SOS1/DENND4C/RALGAPA2/CHN2/RASGEF1B/ITSN1/RAPGEF6/RHOT1/BRAF/DOCK1/DOCK9/ARHGAP24/RAB12/ARHGEF12/GDI2/USP8/RGL1/DOCK11/ARHGAP1/NGFR/SOS2/RASGRP3/KSR1/DOCK3/CYTH1/AKAP13/DOCK7/ARHGAP5/ARHGDIB/ARHGEF11/SYDE2/RASA2/RAB21/ROCK1/FBXO8/ITSN2/RALGAPB/ARHGEF3/RHOJ/EPS8L3/RAPGEF1/DOCK2/ARHGAP28/RAPGEF2/DENND4A/CDC42SE2/ARHGAP20/ARHGAP35/RASGRP1/RHOBTB1/CHM/GNA13/STARD13/SIPA1L1/RALGPS1/ARHGEF28/CDC42/ARHGAP17/ARHGAP25/DOCK6/TIAM1/DOCK10/RAPGEFL1/ARHGAP30/EPS8/DOCK5/MADD/ARFGEF3/RALGPS2,76
BP,GO:0016197,endosomal transport,49/2733,146/15876,0.3356164383561644,1.949596258815392,5.256304188274734,1.167956947581546e-6,1.423063333500673e-4,1.266958284412558e-4,SNX1/VPS28/SH3D19/VPS53/ALS2/DENND1A/ERBIN/ZFYVE16/ITSN1/RAB14/HEATR5A/TMCC1/VPS50/VTI1A/RAB12/VPS36/ARHGAP1/DENND5A/SNX9/TBC1D23/SNX2/SNX18/SNX30/REPS1/ITSN2/TMEM87A/SNX27/RDX/VPS54/AP5M1/LOC102131403/STAM/DENND1B/TMEM87B/RIC1/CLEC16A/HEATR5B/DENND2A/REPS2/VPS4B/VTA1/VPS52/VPS51/RAB8B/ANKRD27/WASHC4/GCC2/PLEKHA3/SNX32,49
BP,GO:0009894,regulation of catabolic process,67/2733,223/15876,0.3004484304932735,1.745305262536118,5.111133863685127,1.4558929263183212e-6,1.65988267937933e-4,1.4777993798907482e-4,AADAC/CLU/RNF217/SAMD4A/ANKIB1/PSMD1/FXR1/RNF180/COMMD1/RC3H2/APC/WAC/LARP1B/TMEM39A/DAP/CISD1/TNFRSF1B/ANGEL2/DCP1A/TNRC6B/PAN3/AZIN1/FHIT/RNF144B/RC3H1/CSNK1D/RNF19A/CALCOCO2/TNRC6C/PARN/LARP1/SESN3/ZC3H14/ZC3HAV1/SESN1/MTM1/DEPDC5/PATL1/WDR41/USP10/MTMR3/FYCO1/PUM2/N4BP1/CNOT2/ULK2/FBXO7/SH3RF2/CNOT6L/CLEC16A/NUB1/DCP1B/DCP2/NRDE2/TRIM6/PSMD3/RNF144A/CNOT1/FMR1/GPR137B/RNF19B/FASTKD1/TRIM22/SYNCRIP/TRIM38/HNRNPU/ULK1,67
BP,GO:0015031,protein transport,121/2733,470/15876,0.2574468085106383,1.4955087932363313,4.972614326905467,1.50572510872423e-6,1.65988267937933e-4,1.4777993798907482e-4,APOB/ARRDC3/AFM/SNX1/STXBP5/VPS28/VPS13A/AP3B1/NSF/SH3D19/SCFD2/VPS13D/SEC24D/PEX3/RANBP17/STXBP4/ERBIN/STX18/ZFYVE16/APPBP2/IPO11/GOLPH3L/SEC24C/NUP214/CNST/EXOC6B/TVP23C/TNPO3/XPO4/PEX14/STX3/SCFD1/ARF4/AP2B1/VTI1A/KTN1/STRADB/RAB12/AP1B1/VPS36/GDI2/WLS/SNX9/TANGO6/IPO8/SEC31A/VPS37B/MYRIP/SCAMP1/TNPO1/KPNB1/VPS37A/SNX2/STX8/XPO1/COPA/COPG2/EXOC6/XPO6/SNX18/KPNA1/C2CD5/SNX30/SEC62/PIK3R4/KPNA4/VPS45/ERLEC1/NUP153/SNX27/PTPRN2/NUP107/PEX7/SEC23A/KPNA3/AP4E1/PEX6/LOC102131403/STRADA/TRAM2/XPO5/NUP155/STAM/VPS13C/NAPB/CSE1L/STX7/NUP88/STX17/OS9/RIC1/SCARB2/VCP/SRP54/CHM/SYTL2/STXBP3/RRBP1/AP1M1/FAM91A1/LAMP2/TXNIP/COG7/ARFIP1/STX5/SNX10/ERP29/VPS41/IST1/SEC23B/RAB8B/SEC24B/SORL1/SYTL3/TSG101/ARL5A/CD74/FAM3B/VPS8/AP1S3/CD36,121
BP,GO:0048193,Golgi vesicle transport,58/2733,188/15876,0.30851063829787234,1.7921386365228764,4.982252797420988,2.886524485720021e-6,3.0374109929281134e-4,2.704217676095599e-4,SNX1/NSF/EXOC2/SEC24D/RABEP1/SPIRE2/TFG/COG5/STX18/NBAS/GOLPH3L/COG6/SEC24C/CNST/ERGIC2/ATP9B/RAB14/EXOC6B/EXOC4/KDELR2/ARCN1/SCFD1/CCDC91/VTI1A/RAB12/SEC31A/PGAP1/GOLGA5/SNX2/EXOC5/COPA/TRIP11/COPG2/EXOC6/RINT1/SEC16A/SEC23A/VPS54/GOSR1/EXOC1/SEC22A/ARFGAP2/ARFGAP3/YIPF5/MPPE1/SEC23IP/COG7/STX5/GOLGA4/SORT1/VPS52/SEC23B/VPS51/RAB8B/CCDC93/SEC24B/SORL1/GCC2,58
BP,GO:0051656,establishment of organelle localization,50/2733,155/15876,0.3225806451612903,1.8738713218370453,4.9854306720959825,3.36636951130826e-6,3.388324095077662e-4,3.016636843543054e-4,AP3B1/SYNE2/CADPS2/PARD3/MYO5A/SPIRE2/TFG/LYN/MYO5B/RHOT1/EXOC6B/EXOC4/CLASP1/UNC13B/PICALM/CLASP2/MYO6/CADPS/SYNE1/MYO1D/FER/NUMA1/TRAK1/MYO1E/TBC1D23/XPO1/UNC13C/DTNBP1/COPG2/EXOC6/CDK5RAP2/CEP120/ZNF207/SYK/BORCS5/SEC16A/PAFAH1B1/FYCO1/NUP88/STARD3NL/CEP83/ARFGAP2/ARFGAP3/FAM91A1/CENPC/ASPM/NMD3/ACTR10/SYNE3/HNRNPU,50
BP,GO:0010498,proteasomal protein catabolic process,66/2733,224/15876,0.29464285714285715,1.7115806805708014,4.890943736545863,3.6446978953706452e-6,3.515614844909601e-4,3.1299642452349666e-4,CLU/WWP1/UBR1/RNF217/EDEM3/MAN1A1/ANKIB1/PSMD1/FBXL13/APPBP2/RNF180/COMMD1/WWP2/UBE3D/PSMD14/UBR3/RAD23B/CUL5/ARMC8/SMURF2/ZNRF2/FBXL17/FBXL4/PSMA4/FHIT/RNF144B/CSNK1D/RNF19A/MAN1C1/FBXL7/PSMA1/ERCC8/BFAR/PSME4/PSMA6/CDC16/UBXN2B/FBXL20/ERLEC1/ANAPC10/ZNRF1/SPOPL/N4BP1/FBXW4/FBXO38/UBE2K/SH3RF2/PLAA/MAN1A2/TRIM2/OS9/FBXO31/VCP/RHOBTB1/CDC23/PSMA7/HECTD1/RNF144A/DDB1/UBR2/RNF19B/ITCH/FBXO9/PSMD7/CDC27/LTN1,66
BP,GO:0043484,regulation of RNA splicing,29/2733,74/15876,0.3918918918918919,2.276500430177708,5.018919448650498,5.98790665343372e-6,5.544801561079625e-4,4.936556306283463e-4,RBFOX1/RBFOX2/FXR1/PTBP2/QKI/MBNL3/CELF2/MBNL1/PTBP3/SON/HNRNPK/RBMX/RBM23/RBM20/KHDRBS3/YTHDC1/WTAP/CELF1/SRRM1/CIRBP/TRA2B/FMR1/AHNAK/KHDRBS2/RBM3/MBNL2/HNRNPU/HNRNPLL/SF1,29
BP,GO:0043547,positive regulation of GTPase activity,40/2733,117/15876,0.3418803418803419,1.9859832812631935,4.881211018198715,6.531694865055425e-6,5.815720620232041e-4,5.177756496266609e-4,TBC1D16/NGEF/RALGAPA1/RAP1GDS1/ASAP1/RAPGEF5/SOS1/RALGAPA2/CHN2/RASGEF1B/ASAP2/ARHGAP29/TBC1D15/DOCK9/ARHGAP24/RGL1/DOCK11/SOS2/RASGRP3/DOCK7/ARAP2/RAB3GAP1/TBCK/RALGAPB/TBC1D5/RAPGEF1/RASGRP1/SIPA1L1/RALGPS1/ARHGAP17/ARHGAP25/ARHGEF15/DOCK6/TIAM1/ARHGAP45/DOCK10/RAPGEFL1/SGSM1/ARHGEF16/RALGPS2,40
BP,GO:0043085,positive regulation of catalytic activity,70/2733,247/15876,0.2834008097165992,1.6462756147313315,4.6679917449992985,8.37900415715728e-6,7.184220231044113e-4,6.396136506711094e-4,TBC1D16/FGFR4/NGEF/RALGAPA1/RAP1GDS1/ASAP1/LGR4/RAPGEF5/SOS1/RALGAPA2/CHN2/RASGEF1B/ASAP2/PDGFC/MNAT1/ERBB4/APOE/ARHGAP29/TBC1D15/DCP1A/DOCK9/STRADB/ARHGAP24/KDR/RGL1/DOCK11/SOS2/EGFR/RASGRP3/IGF1R/PDGFRB/DOCK7/ARAP2/TAB2/RAB3GAP1/GCLM/TBCK/CTSS/RALGAPB/TBC1D5/STRADA/RAPGEF1/FGFR1/PRRC1/CSF1R/RASGRP1/DCP1B/GNA13/SIPA1L1/RALGPS1/KIT/RXFP1/PDGFD/ARHGAP17/ARHGAP25/XRCC4/ARHGEF15/DOCK6/TIAM1/TPD52L1/ARHGAP45/DOCK10/TRAF4/RAPGEFL1/SGSM1/FGFR2/ARHGEF16/MST1R/CD74/RALGPS2,70
BP,GO:0006914,autophagy,48/2733,152/15876,0.3157894736842105,1.8344213992720548,4.7136261942283095,1.002221757280589e-5,8.000494372774358e-4,7.122868242306329e-4,VPS13A/VMP1/WDFY3/AMBRA1/WAC/TMEM39A/DAP/CISD1/PIK3C3/ATG7/ATG5/VTI1A/BCAS3/CALCOCO2/SESN3/ACBD5/SESN1/MTM1/DEPDC5/SNX30/WDR41/UBXN2B/PIK3R4/USP10/ATG14/MTMR3/SEC16A/FYCO1/SQSTM1/ULK2/FBXO7/ATG10/CLEC16A/RB1CC1/VCP/SNX14/LAMP2/TRIM6/ATP13A2/WIPI2/VPS41/GPR137B/EPG5/RUBCNL/MAP1LC3A/TRIM22/TRIM38/ULK1,48
BP,GO:0061919,process utilizing autophagic mechanism,48/2733,152/15876,0.3157894736842105,1.8344213992720548,4.7136261942283095,1.002221757280589e-5,8.000494372774358e-4,7.122868242306329e-4,VPS13A/VMP1/WDFY3/AMBRA1/WAC/TMEM39A/DAP/CISD1/PIK3C3/ATG7/ATG5/VTI1A/BCAS3/CALCOCO2/SESN3/ACBD5/SESN1/MTM1/DEPDC5/SNX30/WDR41/UBXN2B/PIK3R4/USP10/ATG14/MTMR3/SEC16A/FYCO1/SQSTM1/ULK2/FBXO7/ATG10/CLEC16A/RB1CC1/VCP/SNX14/LAMP2/TRIM6/ATP13A2/WIPI2/VPS41/GPR137B/EPG5/RUBCNL/MAP1LC3A/TRIM22/TRIM38/ULK1,48
BP,GO:0051648,vesicle localization,27/2733,69/15876,0.391304347826087,2.273087386054503,4.832673588179577,1.2829432430884243e-5,9.900045359165675e-4,8.814045157779421e-4,AP3B1/CADPS2/MYO5A/TFG/MYO5B/EXOC6B/EXOC4/UNC13B/PICALM/MYO6/CADPS/MYO1D/TRAK1/MYO1E/TBC1D23/UNC13C/DTNBP1/EXOC6/SYNDIG1/BORCS5/SEC16A/PAFAH1B1/FYCO1/STARD3NL/ARFGAP2/ARFGAP3/FAM91A1,27
BP,GO:0051345,positive regulation of hydrolase activity,42/2733,129/15876,0.32558139534883723,1.8913026829704136,4.635009024969797,1.539755940172705e-5,0.0011498500004838103,0.0010237154943491193,TBC1D16/NGEF/RALGAPA1/RAP1GDS1/ASAP1/RAPGEF5/SOS1/RALGAPA2/CHN2/RASGEF1B/ASAP2/ARHGAP29/TBC1D15/DOCK9/ARHGAP24/RGL1/DOCK11/SOS2/RASGRP3/DOCK7/ARAP2/RAB3GAP1/TBCK/CTSS/RALGAPB/TBC1D5/RAPGEF1/RASGRP1/GNA13/SIPA1L1/RALGPS1/ARHGAP17/ARHGAP25/ARHGEF15/DOCK6/TIAM1/ARHGAP45/DOCK10/RAPGEFL1/SGSM1/ARHGEF16/RALGPS2,42
BP,GO:0016482,cytosolic transport,22/2733,52/15876,0.4230769230769231,2.4576543105632016,4.800953557795268,1.897563641441037e-5,0.0013727686968550003,0.001222180792743931,SNX1/VPS53/RAB14/HEATR5A/VPS50/CCDC91/VTI1A/DENND5A/TBC1D23/SNX2/TMEM87A/VPS54/TMEM87B/RIC1/HEATR5B/DENND2A/SORT1/VPS52/VPS51/GCC2/PLEKHA3/SNX32,22
BP,GO:0000288,"nuclear-transcribed mRNA catabolic process, deadenylation-dependent decay",14/2733,26/15876,0.5384615384615384,3.12792366798953,4.951736368032438,2.3525894597109494e-5,0.00162849495627379,0.0014498547797585908,SAMD4A/RC3H2/DCP1A/TNRC6B/PAN3/RC3H1/TNRC6C/PARN/PATL1/CNOT2/CNOT6L/DCP1B/DCP2/CNOT1,14
BP,GO:0010608,post-transcriptional regulation of gene expression,46/2733,148/15876,0.3108108108108108,1.8055003411754236,4.489409952781321,2.3917420524107498e-5,0.00162849495627379,0.0014498547797585908,AGO3/EEFSEC/SAMD4A/FOCAD/CPEB3/LARP4B/LIMD1/FXR1/EIF2AK3/RC3H2/CNOT10/LARP1B/ANGEL2/DCP1A/TNRC6B/PAN3/RC3H1/TNRC6C/PARN/LARP1/RMND1/ZC3H14/PATL1/CPEB2/DDX6/PUM2/EIF2AK4/CNOT2/CPEB4/CNOT6L/TRIM2/CTIF/DCP1B/DCP2/NCK1/LARP4/CNOT1/FMR1/PUM3/HELZ/LRPPRC/SECISBP2L/FASTKD1/SYNCRIP/RBM3/HNRNPU,46
BP,GO:0050684,regulation of mRNA processing,24/2733,60/15876,0.4,2.3236004390779366,4.6839648623993355,2.4961708392305356e-5,0.0016510387122339112,0.0014699255648762072,RBFOX1/SRPK2/SRPK1/RBFOX2/FXR1/QKI/CELF2/SON/HNRNPK/RBMX/RBM23/KHDRBS3/YTHDC1/WTAP/CELF1/SAFB/SRRM1/CIRBP/TRA2B/FMR1/KHDRBS2/RBM3/HNRNPU/SF1,24
BP,GO:0006401,RNA catabolic process,38/2733,115/15876,0.33043478260869563,1.919496014890469,4.512698471311728,2.6486485314759124e-5,0.0017032281528796493,0.0015163900072017067,SMG6/SND1/SAMD4A/UPF2/ZCCHC7/FXR1/DIS3L2/RC3H2/CNOT10/LARP1B/ANGEL2/DCP1A/TNRC6B/PAN3/RC3H1/XRN1/TNRC6C/PARN/LARP1/ZC3H14/ZC3HAV1/RNASET2/PATL1/PUM2/CNOT2/CNOT6L/DCP1B/DCP2/NRDE2/SMG1/RNASEH2B/CNOT1/FMR1/PNPT1/FASTKD1/SYNCRIP/HNRNPU/ISG20,38
BP,GO:0061013,regulation of mRNA catabolic process,25/2733,64/15876,0.390625,2.269141053787047,4.639123196576253,2.7538664418731353e-5,0.0017230272467395427,0.001534017210010697,SAMD4A/FXR1/RC3H2/LARP1B/ANGEL2/DCP1A/TNRC6B/PAN3/RC3H1/TNRC6C/PARN/LARP1/ZC3H14/ZC3HAV1/PATL1/PUM2/CNOT2/CNOT6L/DCP1B/DCP2/CNOT1/FMR1/FASTKD1/SYNCRIP/HNRNPU,25
BP,GO:0051650,establishment of vesicle localization,26/2733,68/15876,0.38235294117647056,2.2210886550009685,4.6014278624451554,2.9777137169123865e-5,0.0018140545406979407,0.0016150591295607903,AP3B1/CADPS2/MYO5A/TFG/MYO5B/EXOC6B/EXOC4/UNC13B/PICALM/MYO6/CADPS/MYO1D/TRAK1/MYO1E/TBC1D23/UNC13C/DTNBP1/EXOC6/BORCS5/SEC16A/PAFAH1B1/FYCO1/STARD3NL/ARFGAP2/ARFGAP3/FAM91A1,26
BP,GO:0045893,positive regulation of DNA-templated transcription,87/2733,338/15876,0.257396449704142,1.4952162588741158,4.196479591810501,4.342167366329831e-5,0.0024553266673875565,0.0021859859564600822,MEOX2/NR1H4/GATA4/PPARA/NCOA3/SMARCA2/NCOA1/HNF4G/THRAP3/ARID1B/TBX3/HIPK2/NCOA2/YAP1/MEF2A/MAML3/CDC73/KMT2A/CRTC3/KAT6A/HMBOX1/DYRK1A/CTNNB1/NCOA6/TAF3/MGA/BCL3/MAML2/PPARGC1B/ZFPM2/SMAD3/WWTR1/LMO2/ARID1A/POGZ/GPBP1/SREBF2/LDB2/DCAF6/TFCP2/ATAD2B/RYBP/NLRC5/LPIN2/NR1D2/CHUK/CREBBP/ASXL2/MEF2C/KAT2B/MEIS2/TET2/CDK5RAP2/GPBP1L1/NR1H3/THRB/ZNF407/KDM1B/EP300/ICE2/KDM1A/SMAD2/MEIS1/WDR75/BCLAF3/KAT7/PLAC8/PRDM10/RNF10/TBX20/CCNT1/TP53BP1/ATAD2/SSBP3/MAX/CCNT2/HEATR1/KAT6B/NR1D1/CDK12/BCL9/RELB/BCLAF1/MYRF/ZNF827/HNRNPU/SMARCC1,87
BP,GO:1902680,positive regulation of RNA biosynthetic process,87/2733,338/15876,0.257396449704142,1.4952162588741158,4.196479591810501,4.342167366329831e-5,0.0024553266673875565,0.0021859859564600822,MEOX2/NR1H4/GATA4/PPARA/NCOA3/SMARCA2/NCOA1/HNF4G/THRAP3/ARID1B/TBX3/HIPK2/NCOA2/YAP1/MEF2A/MAML3/CDC73/KMT2A/CRTC3/KAT6A/HMBOX1/DYRK1A/CTNNB1/NCOA6/TAF3/MGA/BCL3/MAML2/PPARGC1B/ZFPM2/SMAD3/WWTR1/LMO2/ARID1A/POGZ/GPBP1/SREBF2/LDB2/DCAF6/TFCP2/ATAD2B/RYBP/NLRC5/LPIN2/NR1D2/CHUK/CREBBP/ASXL2/MEF2C/KAT2B/MEIS2/TET2/CDK5RAP2/GPBP1L1/NR1H3/THRB/ZNF407/KDM1B/EP300/ICE2/KDM1A/SMAD2/MEIS1/WDR75/BCLAF3/KAT7/PLAC8/PRDM10/RNF10/TBX20/CCNT1/TP53BP1/ATAD2/SSBP3/MAX/CCNT2/HEATR1/KAT6B/NR1D1/CDK12/BCL9/RELB/BCLAF1/MYRF/ZNF827/HNRNPU/SMARCC1,87
BP,GO:0016311,dephosphorylation,60/2733,213/15876,0.28169014084507044,1.6363383373788285,4.263535127709597,4.3485267111399495e-5,0.0024553266673875565,0.0021859859564600822,EPHX2/PLPP5/PTPN2/PTPN12/PPP2R5E/DUSP10/PPM1K/PTP4A1/PTPRG/ALPL/PLPP3/SACM1L/PTPRK/PTPN4/TNS3/FIG4/SSH2/PTPRM/URI1/PPM1B/PPP2R1B/CDC14B/PTPRS/PTPN9/UBASH3B/PPP2R3A/PTEN/MTMR10/PPP2R3C/PPP2R5C/MTMR12/MTM1/INPP5D/RNGTT/DUSP1/PLPP1/MTMR3/PTPRN2/ILKAP/SSH1/CDC14A/PTPN1/PPTC7/PPP4R3B/DUSP11/MTMR1/PPP4R3A/PTPN13/PTPRH/MTMR6/PTPRT/PPP4R1/MTMR2/PTPRB/CTTNBP2NL/PTPN21/PTP4A2/OCRL/PPM1L/PTPRA,60
BP,GO:0016236,macroautophagy,31/2733,89/15876,0.34831460674157305,2.0233599329049445,4.414718708594623,4.582814021159834e-5,0.00252600344261548,0.002248909737701994,WDFY3/TMEM39A/PIK3C3/ATG7/ATG5/VTI1A/CALCOCO2/SESN3/ACBD5/SESN1/MTM1/SNX30/UBXN2B/PIK3R4/ATG14/FYCO1/SQSTM1/ULK2/ATG10/CLEC16A/RB1CC1/VCP/SNX14/LAMP2/ATP13A2/WIPI2/VPS41/EPG5/RUBCNL/MAP1LC3A/ULK1,31
BP,GO:0048024,"regulation of mRNA splicing, via spliceosome",21/2733,51/15876,0.4117647058823529,2.3919416284625816,4.540081833617595,4.758757810640708e-5,0.0025619824027054046,0.0022809419322483496,RBFOX1/RBFOX2/FXR1/QKI/CELF2/SON/HNRNPK/RBMX/RBM23/KHDRBS3/YTHDC1/WTAP/CELF1/SRRM1/CIRBP/TRA2B/FMR1/KHDRBS2/RBM3/HNRNPU/SF1,21
BP,GO:0042147,"retrograde transport, endosome to Golgi",19/2733,44/15876,0.4318181818181818,2.508432292186409,4.568921513255925,4.9470762063865156e-5,0.0026028366858601784,0.00231731464404421,SNX1/VPS53/HEATR5A/VPS50/VTI1A/DENND5A/TBC1D23/SNX2/TMEM87A/VPS54/TMEM87B/RIC1/HEATR5B/DENND2A/VPS52/VPS51/GCC2/PLEKHA3/SNX32,19
BP,GO:0043161,proteasome-mediated ubiquitin-dependent protein catabolic process,54/2733,188/15876,0.2872340425531915,1.6685428684868162,4.204882104141751,5.7960050403393814e-5,0.0029817225929745926,0.0026546380980080725,CLU/WWP1/UBR1/RNF217/ANKIB1/PSMD1/FBXL13/APPBP2/RNF180/COMMD1/WWP2/UBE3D/PSMD14/UBR3/RAD23B/CUL5/ARMC8/SMURF2/ZNRF2/FBXL17/FBXL4/FHIT/RNF144B/CSNK1D/RNF19A/FBXL7/ERCC8/BFAR/CDC16/UBXN2B/FBXL20/ANAPC10/ZNRF1/SPOPL/N4BP1/FBXW4/FBXO38/UBE2K/SH3RF2/PLAA/TRIM2/FBXO31/RHOBTB1/CDC23/HECTD1/RNF144A/DDB1/UBR2/RNF19B/ITCH/FBXO9/PSMD7/CDC27/LTN1,54
BP,GO:0009896,positive regulation of catabolic process,39/2733,123/15876,0.3170731707317073,1.8418783968300716,4.274149546683922,5.9296472080531163e-5,0.002984159410139775,0.002656807604889703,AADAC/CLU/RNF217/SAMD4A/ANKIB1/RNF180/RC3H2/APC/TNFRSF1B/DCP1A/TNRC6B/PAN3/RNF144B/RC3H1/CSNK1D/RNF19A/CALCOCO2/TNRC6C/PARN/SESN3/ZC3HAV1/SESN1/DEPDC5/PATL1/FYCO1/CNOT2/ULK2/FBXO7/SH3RF2/CNOT6L/DCP1B/DCP2/TRIM6/RNF144A/CNOT1/RNF19B/TRIM22/TRIM38/ULK1,39
BP,GO:0043488,regulation of mRNA stability,24/2733,63/15876,0.38095238095238093,2.2129527991218443,4.398822817843733,6.385360148180863e-5,0.003145129519795468,0.0028001198589335118,SAMD4A/FXR1/RC3H2/LARP1B/ANGEL2/DCP1A/TNRC6B/PAN3/RC3H1/TNRC6C/PARN/LARP1/ZC3H14/PATL1/PUM2/CNOT2/CNOT6L/DCP1B/DCP2/CNOT1/FMR1/FASTKD1/SYNCRIP/HNRNPU,24
BP,GO:0016071,mRNA metabolic process,93/2733,371/15876,0.25067385444743934,1.4561646956485719,4.054171990959429,7.056246757839306e-5,0.003336049928164728,0.002970096969124264,RBFOX1/SRPK2/RBM26/SMG6/SRPK1/SND1/SAMD4A/UPF2/ZCCHC7/RBFOX2/FXR1/PTBP2/RC3H2/RPRD1A/CNOT10/LARP1B/QKI/ANGEL2/DCP1A/TNRC6B/PAN3/DDX5/RC3H1/CELF2/PTBP3/XRN1/SON/HNRNPA2B1/HNRNPK/TNRC6C/GCFC2/PARN/ERN1/RSRC1/LARP1/RBM39/RNPC3/RBMX/ZC3H14/CPSF3/ZC3HAV1/RBM23/LUC7L3/KHDRBS3/YTHDC1/SNRNP70/PATL1/WTAP/RNGTT/SFPQ/CELF1/SAFB/SREK1/SRSF3/PUM2/GEMIN5/CWC22/SRRM1/LUC7L/CPSF7/CNOT2/PRPF18/RNPS1/SF3B3/RPRD2/DDX17/CNOT6L/RBM27/CASC3/CIRBP/TRA2B/SLU7/DCP1B/DCP2/CPSF6/PRPF40A/SMG1/CPSF2/CDC5L/CNOT1/FMR1/PNPT1/CWF19L1/FASTKD1/BCLAF1/SYNCRIP/KHDRBS2/RBM3/HNRNPU/HNRNPLL/SRSF10/CWF19L2/SF1,93
BP,GO:0045944,positive regulation of transcription by RNA polymerase II,68/2733,253/15876,0.26877470355731226,1.5613125479970322,4.104046038316347,7.077623783688296e-5,0.003336049928164728,0.002970096969124264,MEOX2/NR1H4/GATA4/PPARA/NCOA3/SMARCA2/NCOA1/HNF4G/THRAP3/HIPK2/NCOA2/YAP1/MEF2A/MAML3/CDC73/CRTC3/KAT6A/CTNNB1/NCOA6/TAF3/BCL3/MAML2/PPARGC1B/ZFPM2/SMAD3/WWTR1/LMO2/POGZ/SREBF2/LDB2/DCAF6/TFCP2/ATAD2B/NLRC5/LPIN2/NR1D2/CHUK/CREBBP/ASXL2/MEF2C/KAT2B/MEIS2/TET2/NR1H3/THRB/ZNF407/KDM1B/EP300/KDM1A/SMAD2/MEIS1/BCLAF3/KAT7/PLAC8/PRDM10/RNF10/TP53BP1/ATAD2/SSBP3/MAX/KAT6B/NR1D1/CDK12/BCL9/RELB/BCLAF1/ZNF827/HNRNPU,68
BP,GO:0006402,mRNA catabolic process,33/2733,99/15876,0.3333333333333333,1.9363336992316136,4.261529190495186,7.205291421522091e-5,0.003336049928164728,0.002970096969124264,SMG6/SND1/SAMD4A/UPF2/ZCCHC7/FXR1/RC3H2/CNOT10/LARP1B/ANGEL2/DCP1A/TNRC6B/PAN3/RC3H1/XRN1/TNRC6C/PARN/LARP1/ZC3H14/ZC3HAV1/PATL1/PUM2/CNOT2/CNOT6L/DCP1B/DCP2/SMG1/CNOT1/FMR1/PNPT1/FASTKD1/SYNCRIP/HNRNPU,33
BP,GO:0043487,regulation of RNA stability,24/2733,64/15876,0.375,2.178375411635565,4.3073452632247,8.564256371965375e-5,0.0038875006864901654,0.0034610555162658835,SAMD4A/FXR1/RC3H2/LARP1B/ANGEL2/DCP1A/TNRC6B/PAN3/RC3H1/TNRC6C/PARN/LARP1/ZC3H14/PATL1/PUM2/CNOT2/CNOT6L/DCP1B/DCP2/CNOT1/FMR1/FASTKD1/SYNCRIP/HNRNPU,24
BP,GO:0016050,vesicle organization,43/2733,143/15876,0.3006993006993007,1.7467625678383087,4.0904794643590145,1.0213908512944282e-4,0.004492425855040358,0.0039996225186627364,SEC24D/TFG/GOLPH3L/SEC24C/PI4K2A/AGFG1/UVRAG/TMCC1/UNC13B/STX3/VTI1A/PICALM/RAB12/USP8/SEC31A/DYSF/STX8/UNC13C/DTNBP1/C2CD5/SEC16A/SEC23A/GOSR1/SQSTM1/PI4K2B/STX7/STX17/ARFGAP2/ARFGAP3/YIPF5/ATP13A2/STX5/SNX10/SORT1/VPS41/SEC23B/RAB8B/PIKFYVE/RUBCNL/SEC24B/WASHC4/PLEKHA3/VPS8,43
BP,GO:1903313,positive regulation of mRNA metabolic process,19/2733,46/15876,0.41304347826086957,2.3993700186130864,4.334115216319613,1.0285035434865616e-4,0.004492425855040358,0.0039996225186627364,SAMD4A/RC3H2/DCP1A/TNRC6B/PAN3/RC3H1/TNRC6C/PARN/RBMX/ZC3HAV1/PATL1/CNOT2/CNOT6L/CIRBP/TRA2B/DCP1B/DCP2/CNOT1/RBM3,19
BP,GO:0072665,protein localization to vacuole,17/2733,39/15876,0.4358974358974359,2.532128683610572,4.368381078345541,1.06258615209295e-4,0.004555346189065147,0.004055640713056523,VPS28/VPS13A/SH3D19/VPS13D/ZFYVE16/LMBRD1/VPS36/VPS37B/VPS37A/PIK3R4/STAM/VPS13C/SCARB2/LAMP2/VPS41/SORL1/VPS8,17
BP,GO:0072666,establishment of protein localization to vacuole,16/2733,37/15876,0.43243243243243246,2.51200047467885,4.1987337787835655,1.892453394068927e-4,0.007965508376853756,0.007091720087247768,VPS28/VPS13A/SH3D19/VPS13D/ZFYVE16/VPS36/VPS37B/VPS37A/PIK3R4/STAM/VPS13C/SCARB2/LAMP2/VPS41/SORL1/VPS8,16
BP,GO:0098876,vesicle-mediated transport to the plasma membrane,24/2733,67/15876,0.3582089552238806,2.0808362140996444,4.042727959518256,1.9594679769284305e-4,0.00810030065462378,0.007211726125612532,NSF/EXOC2/DENND1A/RABEP1/ERBIN/GOLPH3L/CNST/RAB14/EXOC6B/EXOC4/VPS50/STX3/RAB12/ARHGAP1/EXOC5/EXOC6/SNX30/SNX27/EXOC1/DENND1B/VPS52/VPS51/RAB8B/CCDC93,24
BP,GO:0141188,nucleic acid catabolic process,39/2733,130/15876,0.3,1.7427003293084524,3.87730172126365,2.212483442720537e-4,0.008985788017364988,0.008000078634989494,SMG6/SND1/SAMD4A/UPF2/ZCCHC7/FXR1/DIS3L2/RC3H2/CNOT10/LARP1B/ANGEL2/DCP1A/TNRC6B/PAN3/RC3H1/XRN1/TNRC6C/PARN/LARP1/ZC3H14/ZC3HAV1/RNASET2/PATL1/PUM2/CNOT2/DICER1/CNOT6L/DCP1B/DCP2/NRDE2/SMG1/RNASEH2B/CNOT1/FMR1/PNPT1/FASTKD1/SYNCRIP/HNRNPU/ISG20,39
BP,GO:0006623,protein targeting to vacuole,12/2733,24/15876,0.5,2.9045005488474205,4.257690809198523,2.3017267545533905e-4,0.009083122573675634,0.008086735932366439,VPS13A/VPS13D/ZFYVE16/VPS37B/VPS37A/PIK3R4/VPS13C/SCARB2/LAMP2/VPS41/SORL1/VPS8,12
BP,GO:0006470,protein dephosphorylation,41/2733,139/15876,0.2949640287769784,1.71344636694596,3.8524515659200227,2.3149210878914143e-4,0.009083122573675634,0.008086735932366439,PTPN2/PTPN12/PPP2R5E/DUSP10/PPM1K/PTP4A1/PTPRG/PTPRK/PTPN4/SSH2/PTPRM/PPM1B/PPP2R1B/CDC14B/PTPRS/PTPN9/UBASH3B/PPP2R3A/PTEN/PPP2R5C/RNGTT/DUSP1/PTPRN2/ILKAP/SSH1/CDC14A/PTPN1/PPTC7/PPP4R3B/DUSP11/PPP4R3A/PTPN13/PTPRH/PTPRT/PPP4R1/PTPRB/CTTNBP2NL/PTPN21/PTP4A2/PPM1L/PTPRA,41
BP,GO:0048878,chemical homeostasis,82/2733,330/15876,0.24848484848484848,1.4434487576090211,3.712107201148398,2.492693737702555e-4,0.009617643337969026,0.008562621646353689,APOB/HPX/APOA2/ABCG8/ABCG5/EPHX2/ATP1A1/DMXL2/ANGPTL3/TRPM7/SLC39A14/HAMP/SOAT1/MICU3/TF/SLC9A2/STXBP4/CYP7A1/ATP2B2/ATP2B4/RYR2/LOC101867369/SLC30A7/GPR89A/HECTD4/CYP39A1/COMMD1/DMXL1/WNK3/PLCL2/ATP1B1/CNNM1/CNNM2/SLC9A9/UBASH3B/ATP2B1/SLC9A8/IGF1R/SLC12A6/WNK1/MICU2/STIM2/HK3/MCU/PLCB4/CETP/PTPRN2/PSEN1/ATP2A2/ATP2C1/SLC30A5/PLCG2/ACOX1/PLCD4/HERPUD1/GLRX3/ANXA6/PLCL1/CCDC47/MCUB/NCOA4/ATP13A2/TMEM64/SLC9A3/SLC39A10/PLCB2/ATP7A/TLCD2/MICU1/ATP13A4/FTH1/TRPC1/STIM1/TTC39B/TMEM165/PLCH1/LDLR/PKD2/SLC4A4/HK1/SLC39A8/PLCB1,82
BP,GO:0061014,positive regulation of mRNA catabolic process,15/2733,35/15876,0.42857142857142855,2.4895718990120748,4.022848012366217,3.3695408622077774e-4,0.012787683763952467,0.011384919772567434,SAMD4A/RC3H2/DCP1A/TNRC6B/PAN3/RC3H1/TNRC6C/PARN/ZC3HAV1/PATL1/CNOT2/CNOT6L/DCP1B/DCP2/CNOT1,15
BP,GO:0006892,post-Golgi vesicle-mediated transport,18/2733,46/15876,0.391304347826087,2.273087386054503,3.9429938745378967,3.4856612475181215e-4,0.013015009335491049,0.011587308527403195,NSF/EXOC2/RABEP1/GOLPH3L/CNST/RAB14/EXOC6B/EXOC4/CCDC91/VTI1A/EXOC5/EXOC6/VPS54/EXOC1/SORT1/VPS52/CCDC93/SORL1,18
BP,GO:0098657,import into cell,75/2733,300/15876,0.25,1.4522502744237102,3.606126240026363,3.690797602802853e-4,0.013513151183032581,0.012030805964023096,CACNA1D/ACSL5/ATP1A1/MIB1/CSNK1G1/EEA1/SLC39A14/CLINT1/DENND1A/STON2/RABEP1/SLC9A2/SMAP1/HIP1/ITSN1/LMBR1L/ATP9B/LDLRAD3/HEATR5A/WNK3/ATP1B1/FLOT1/PIK3C3/LRP6/KCNJ3/EPN2/PICALM/SCARB1/MYO6/FCHO2/DAB2/SLC1A2/TREM2/FNBP1/CSNK1D/SLC9A9/SNX9/DNM3/SLC8A1/BICD1/SGIP1/SLC12A6/WNK1/DYSF/CD47/SNX18/REPS1/ITSN2/CSNK1G3/RHOJ/DENND1B/C1H1orf43/SCARB2/RHOBTB1/HEATR5B/SIGLEC1/REPS2/BIN2/SLC9A3/SLC39A10/SLC27A4/LRP2/SORT1/CDC42/NECAP2/ARHGAP25/TRPV6/DNM2/PIKFYVE/SLC15A1/SLC7A2/TRPV4/LDLR/SLC39A8/CD36,75
BP,GO:0048015,phosphatidylinositol-mediated signaling,12/2733,25/15876,0.48,2.7883205268935236,4.080528934916007,3.7358171737109514e-4,0.013513151183032581,0.012030805964023096,PIK3CB/PLCL2/PIK3C3/PLCB4/PLCG2/PLCD4/PIK3CA/PLCL1/PLCB2/PLCH1/PI4KA/PLCB1,12
BP,GO:0006874,intracellular calcium ion homeostasis,32/2733,103/15876,0.3106796116504854,1.8047382051090768,3.7363324313935236,3.9530419117024616e-4,0.014078910808601844,0.012534503745932665,MICU3/ATP2B2/ATP2B4/RYR2/PLCL2/UBASH3B/ATP2B1/MICU2/STIM2/MCU/PLCB4/PSEN1/ATP2A2/ATP2C1/PLCG2/PLCD4/HERPUD1/ANXA6/PLCL1/CCDC47/MCUB/ATP13A2/TMEM64/PLCB2/MICU1/ATP13A4/TRPC1/STIM1/TMEM165/PLCH1/PKD2/PLCB1,32
BP,GO:0006611,protein export from nucleus,8/2733,13/15876,0.6153846153846154,3.5747699062737484,4.234936155155378,4.3168388812922585e-4,0.01514163940938118,0.01348065475210565,RANBP17/XPO4/STRADB/XPO1/XPO6/STRADA/XPO5/CSE1L,8
BP,GO:0000380,"alternative mRNA splicing, via spliceosome",15/2733,36/15876,0.4166666666666667,2.420417124039517,3.8906215678601135,4.864293589855183e-4,0.016252650198545632,0.014469791560192045,RBFOX1/RBFOX2/FXR1/DDX5/CELF2/RSRC1/KHDRBS3/YTHDC1/WTAP/SFPQ/CELF1/DDX17/FMR1/KHDRBS2/HNRNPU,15
BP,GO:0030036,actin cytoskeleton organization,89/2733,371/15876,0.2398921832884097,1.3935339560507838,3.497540158920323,4.900759697025507e-4,0.016252650198545632,0.014469791560192045,KANK4/PLS3/IQGAP2/TTC17/KANK2/EPB41/ROCK2/SHROOM2/KANK1/EHBP1/EFNA5/MYO5A/LIMK2/SPECC1L/SPIRE2/HIP1/DAAM1/TESK2/MYO5B/SSH2/RHOT1/ENAH/PLS1/WASL/MYO6/ARHGEF10L/CSRP2/ELMO1/SPTBN1/SPTBN4/FLNB/MYO1D/ADD1/CNN3/FER/PHACTR1/SYNPO2/LIMCH1/CDC42BPA/CDC42BPB/SGIP1/PHACTR2/PGM5/PALLD/MYO1E/CTTN/ADD3/NOSTRIN/FCHSD2/PAK1/CAPZA1/ROCK1/LIMA1/SSH1/ACTR2/EEF2K/CAPZA2/TMOD3/ARPC5/PLEKHH2/DOCK2/ARHGAP28/MTSS1/MYO18A/ARPC3/EPB41L2/CORO1C/RHOBTB1/EPB41L3/STARD13/JMY/ARFIP1/GAS2L3/ARHGAP17/TMSB10/ARHGAP25/CD2AP/DAAM2/EPB41L1/BAIAP2L2/ACTN1/LCP1/SPTAN1/DSTN/POF1B/TRPV4/ACTR3/TPM2/EHBP1L1,89
BP,GO:0009611,response to wounding,27/2733,83/15876,0.3253012048192771,1.889675055876635,3.705677082582155,4.901210820695792e-4,0.016252650198545632,0.014469791560192045,FGG/FGA/FGB/KNG1/F13B/PRCP/NREP/HRG/SERPINC1/VWF/F9/FGL1/LYN/CPB2/SERPIND1/ARHGAP24/TEC/UBASH3B/DST/DYSF/SYK/TREML1/DCBLD2/ANXA6/FGFR1OP2/NRP1/HABP2,27
BP,GO:0006897,endocytosis,54/2733,203/15876,0.2660098522167488,1.545251523524736,3.565317975472026,4.91440826737881e-4,0.016252650198545632,0.014469791560192045,MIB1/CSNK1G1/EEA1/CLINT1/DENND1A/STON2/RABEP1/SMAP1/HIP1/ITSN1/LMBR1L/ATP9B/LDLRAD3/HEATR5A/FLOT1/PIK3C3/LRP6/EPN2/PICALM/SCARB1/MYO6/FCHO2/DAB2/TREM2/FNBP1/CSNK1D/SNX9/DNM3/BICD1/SGIP1/DYSF/CD47/SNX18/REPS1/ITSN2/CSNK1G3/RHOJ/DENND1B/C1H1orf43/SCARB2/RHOBTB1/HEATR5B/SIGLEC1/REPS2/BIN2/LRP2/SORT1/CDC42/NECAP2/ARHGAP25/DNM2/PIKFYVE/LDLR/CD36,54
BP,GO:0032102,negative regulation of response to external stimulus,20/2733,55/15876,0.36363636363636365,2.1123640355253968,3.7682590197617207,5.205543143034411e-4,0.016973003346654456,0.015111124498237774,FGA/NR1H4/KNG1/PPARA/HRG/TNFRSF1B/CPB2/RORA/SEMA6D/NLRC5/NR1H3/OTULIN/SEMA3F/SEMA6A/NLRP3/AOAH/TRAFD1/SEMA4C/SEMA3C/SEMA5A,20
BP,GO:0010557,positive regulation of macromolecule biosynthetic process,109/2733,472/15876,0.2309322033898305,1.3414854229846136,3.4344392824143077,5.595431857099488e-4,0.017799815880977416,0.015847238601775053,MEOX2/NR1H4/GATA4/PPARA/NCOA3/SMARCA2/NCOA1/HNF4G/THRAP3/ARID1B/TBX3/HIPK2/NCOA2/YAP1/MEF2A/LARP4B/FXR1/MAML3/CDC73/LARP1B/KMT2A/CRTC3/KAT6A/HMBOX1/ANGEL2/DYRK1A/CTNNB1/NCOA6/TAF3/MGA/BCL3/MAML2/PPARGC1B/ZFPM2/SMAD3/WWTR1/LMO2/ARID1A/POGZ/GPBP1/SREBF2/LDB2/DCAF6/TFCP2/LARP1/ATAD2B/RYBP/TNFSF4/NLRC5/LPIN2/NR1D2/RBMX/CHUK/RMND1/ZC3HAV1/CREBBP/ASXL2/MEF2C/KAT2B/MEIS2/TET2/CDK5RAP2/GPBP1L1/NR1H3/THRB/ZNF407/MED23/KDM1B/EP300/ICE2/KDM1A/SMAD2/CIRBP/TRA2B/MEIS1/WDR75/BCLAF3/KAT7/PLAC8/PRDM10/RNF10/TBX20/CCNT1/TP53BP1/ATAD2/SSBP3/NCK1/LARP4/MAX/SLAMF1/CCNT2/HEATR1/KAT6B/FMR1/NR1D1/CDK12/BCL9/RELB/BCLAF1/SULF2/IL18/MYRF/SYNCRIP/RBM3/ZNF827/HNRNPU/SMARCC1/CD74/IL18R1,109
BP,GO:1902531,regulation of intracellular signal transduction,102/2733,437/15876,0.2334096109839817,1.3558766864184753,3.440013143729464,5.620590531055187e-4,0.017799815880977416,0.015847238601775053,FGA/IGF1/FGFR4/GBF1/RALGAPA1/KANK2/PTPN2/ARFGEF1/DAPK1/DUSP10/STK3/DENND4C/RALGAPA2/CHN2/LIMD1/PDGFC/ITSN1/WAC/KLHDC10/RICTOR/MTDH/WWC1/ARHGAP24/PPM1B/KDR/PDE4D/WWC2/TREM2/PDE8A/FRMD6/IGF1R/CYTH1/AKAP13/PTEN/MALT1/SESN3/TAB2/SYDE2/SESN1/DEPDC5/CDK5RAP2/PAK1/RASA2/ARMC10/FBXO8/DUSP1/ITSN2/ILKAP/RALGAPB/TNIP1/PTPN1/ARHGEF3/BMT2/EPS8L3/SEC14L1/NLRX1/ARHGAP28/SH3RF2/HERPUD1/DENND4A/PAK2/CDC42SE2/AKAP7/CSF1R/ARHGAP20/OPTN/NLRP3/STARD13/SIPA1L1/NCK1/TRIM6/GRB2/MIOS/WDFY1/STK4/KIT/ARHGEF28/PDGFD/ARHGAP17/ARHGAP25/PJA2/GPR137B/DSTYK/TPD52L1/TRAF4/PPM1L/PAK5/TRIM22/ANKRD6/BANK1/CYLD/PDE10A/TRIM38/EPS8/DHRS3/BCL2/NEK6/CD74/MADD/CD44/LOC101925999/ARFGEF3,102
BP,GO:0042632,cholesterol homeostasis,12/2733,26/15876,0.46153846153846156,2.6810774297053115,3.911912993577946,5.857090189782321e-4,0.017799815880977416,0.015847238601775053,APOB/APOA2/ABCG8/ABCG5/EPHX2/ANGPTL3/SOAT1/CYP7A1/CYP39A1/CETP/TTC39B/LDLR,12
BP,GO:0055092,sterol homeostasis,12/2733,26/15876,0.46153846153846156,2.6810774297053115,3.911912993577946,5.857090189782321e-4,0.017799815880977416,0.015847238601775053,APOB/APOA2/ABCG8/ABCG5/EPHX2/ANGPTL3/SOAT1/CYP7A1/CYP39A1/CETP/TTC39B/LDLR,12
BP,GO:0090263,positive regulation of canonical Wnt signaling pathway,12/2733,26/15876,0.46153846153846156,2.6810774297053115,3.911912993577946,5.857090189782321e-4,0.017799815880977416,0.015847238601775053,GPC5/CSNK1G1/UBR5/XIAP/PPM1B/CSNK1D/LYPD6/ILKAP/CSNK1G3/CAPRIN2/DAAM2/PPM1L,12
BP,GO:0006956,complement activation,14/2733,33/15876,0.42424242424242425,2.4644247081129627,3.840031045325602,5.997346171560425e-4,0.017799815880977416,0.015847238601775053,CFH/CFHR5/C4BPA/C8B/C5/C3/C9/C1S/LOC101866354/LOC102123546/C2/APOH/MASP1/CD55,14
BP,GO:0030177,positive regulation of Wnt signaling pathway,14/2733,33/15876,0.42424242424242425,2.4644247081129627,3.840031045325602,5.997346171560425e-4,0.017799815880977416,0.015847238601775053,GPC5/CSNK1G1/UBR5/XIAP/PPM1B/CSNK1D/LYPD6/ILKAP/CSNK1G3/CAPRIN2/DEPDC1B/DAAM2/PPM1L/SULF2,14
BP,GO:0070646,protein modification by small protein removal,33/2733,110/15876,0.3,1.7427003293084524,3.564335916299697,6.498583860670185e-4,0.018843077194775043,0.01677605781396819,USP43/USP32/USP24/USP34/PSMD14/MINDY2/SENP7/USP8/USP33/SENP2/USP47/USP40/USP9X/USP37/MINDY3/USP10/OTULIN/USP22/USP20/USP48/USP3/USP12/SENP6/USP28/COPS2/USP15/BRCC3/USP4/LOC102118792/UCHL3/USP36/CYLD/MINDY4,33
BP,GO:0030029,actin filament-based process,91/2733,384/15876,0.23697916666666666,1.3766122392974753,3.4067144034206733,6.511646546790512e-4,0.018843077194775043,0.01677605781396819,KANK4/PLS3/IQGAP2/TTC17/KANK2/EPB41/ROCK2/SHROOM2/KANK1/EHBP1/EFNA5/MYO5A/LIMK2/SPECC1L/SPIRE2/HIP1/DAAM1/TESK2/MYO5B/SSH2/RHOT1/ENAH/PLS1/WASL/MYO6/ARHGEF10L/CSRP2/ELMO1/SPTBN1/PDE4D/SPTBN4/FLNB/MYO1D/ADD1/CNN3/FER/PHACTR1/SYNPO2/LIMCH1/CDC42BPA/CDC42BPB/SGIP1/PHACTR2/PGM5/PALLD/MYO1E/CTTN/ADD3/NOSTRIN/FCHSD2/PAK1/CAPZA1/ROCK1/LIMA1/SSH1/ACTR2/EEF2K/CAPZA2/TMOD3/ARPC5/PLEKHH2/DOCK2/ARHGAP28/MTSS1/MYO18A/ARPC3/EPB41L2/CORO1C/RHOBTB1/SCN1B/EPB41L3/STARD13/JMY/ARFIP1/GAS2L3/ARHGAP17/TMSB10/ARHGAP25/CD2AP/DAAM2/EPB41L1/BAIAP2L2/ACTN1/LCP1/SPTAN1/DSTN/POF1B/TRPV4/ACTR3/TPM2/EHBP1L1,91
BP,GO:0009891,positive regulation of biosynthetic process,110/2733,480/15876,0.22916666666666666,1.3312294182217344,3.3602763716855004,7.08763552156718e-4,0.020213488145460458,0.01799613949701561,MEOX2/NR1H4/GATA4/PPARA/NCOA3/SMARCA2/NCOA1/HNF4G/THRAP3/DDAH1/ARID1B/TBX3/HIPK2/NCOA2/YAP1/MEF2A/LARP4B/FXR1/MAML3/CDC73/LARP1B/KMT2A/CRTC3/KAT6A/HMBOX1/ANGEL2/DYRK1A/CTNNB1/NCOA6/TAF3/MGA/BCL3/MAML2/PPARGC1B/ZFPM2/SMAD3/WWTR1/LMO2/ARID1A/POGZ/GPBP1/SREBF2/LDB2/DCAF6/TFCP2/LARP1/ATAD2B/RYBP/TNFSF4/NLRC5/LPIN2/NR1D2/RBMX/CHUK/RMND1/ZC3HAV1/CREBBP/ASXL2/MEF2C/KAT2B/MEIS2/TET2/CDK5RAP2/GPBP1L1/NR1H3/THRB/ZNF407/MED23/KDM1B/EP300/ICE2/KDM1A/SMAD2/CIRBP/TRA2B/MEIS1/WDR75/BCLAF3/KAT7/PLAC8/PRDM10/RNF10/TBX20/CCNT1/TP53BP1/ATAD2/SSBP3/NCK1/LARP4/MAX/SLAMF1/CCNT2/HEATR1/KAT6B/FMR1/NR1D1/CDK12/BCL9/RELB/BCLAF1/SULF2/IL18/MYRF/SYNCRIP/RBM3/ZNF827/HNRNPU/SMARCC1/CD74/IL18R1,110
BP,GO:0042592,homeostatic process,93/2733,395/15876,0.23544303797468355,1.3676888660395448,3.374496255781749,7.159853252387721e-4,0.020213488145460458,0.01799613949701561,APOB/HPX/APOA2/ABCG8/ABCG5/EPHX2/ATP1A1/DMXL2/ANGPTL3/TRPM7/SLC39A14/HAMP/SOAT1/MICU3/TF/SLC9A2/STXBP4/CYP7A1/ATP2B2/ATP2B4/RYR2/LOC101867369/SLC30A7/GPR89A/HECTD4/CYP39A1/COMMD1/DMXL1/WNK3/PLCL2/ATP1B1/KRIT1/CNNM1/CNNM2/SLC9A9/UBASH3B/ATP2B1/SLC9A8/IGF1R/SLC12A6/WNK1/MICU2/PPP2R3C/MTM1/INPP5D/STIM2/HK3/MCU/PLCB4/CETP/JAK2/PTPRN2/PSEN1/CASP3/ATP2A2/ATP2C1/SLC30A5/PLCG2/ACOX1/PLCD4/PLAA/HERPUD1/GLRX3/ANXA6/PLCL1/CCDC47/TXN2/MCUB/NCOA4/ATP13A2/TMEM64/SLC9A3/SLC39A10/PLCB2/ATP7A/TLCD2/MICU1/GPR137B/ATP13A4/TJP2/FTH1/TRPC1/STIM1/TTC39B/TMEM165/SLC28A2/PLCH1/LDLR/PKD2/SLC4A4/HK1/SLC39A8/PLCB1,93
BP,GO:0141193,nuclear receptor-mediated signaling pathway,13/2733,30/15876,0.43333333333333335,2.5172338090010977,3.792999121399193,7.342032339995754e-4,0.020478078153120687,0.018231704910224078,KANK2/ESR1/ESR2/RARB/ESRRA/NR3C1/NR3C2/NR1H3/THRB/SAFB/FAM120B/ESRRG/DHRS3,13
BP,GO:0097352,autophagosome maturation,10/2733,20/15876,0.5,2.9045005488474205,3.8862318816676025,7.739556805280244e-4,0.021329850005028295,0.01899004038187809,TMEM39A/CALCOCO2/FYCO1/CLEC16A/VCP/SNX14/LAMP2/EPG5/RUBCNL/MAP1LC3A,10
BP,GO:0030522,intracellular receptor signaling pathway,17/2733,45/15876,0.37777777777777777,2.1945115257958285,3.6590795885303145,8.12852814889748e-4,0.022138285487879605,0.01970979333193965,KANK2/ALPK1/ESR1/ESR2/RARB/ESRRA/NR3C1/NR3C2/NR1H3/THRB/SAFB/SEC14L1/FAM120B/WDFY1/IFIH1/ESRRG/DHRS3,17
BP,GO:0055074,calcium ion homeostasis,32/2733,107/15876,0.29906542056074764,1.7372713563199522,3.4893666233617173,8.256781363563038e-4,0.022226103321684225,0.019787977857841404,MICU3/ATP2B2/ATP2B4/RYR2/PLCL2/UBASH3B/ATP2B1/MICU2/STIM2/MCU/PLCB4/PSEN1/ATP2A2/ATP2C1/PLCG2/PLCD4/HERPUD1/ANXA6/PLCL1/CCDC47/MCUB/ATP13A2/TMEM64/PLCB2/MICU1/ATP13A4/TRPC1/STIM1/TMEM165/PLCH1/PKD2/PLCB1,32
BP,GO:0050779,RNA destabilization,14/2733,34/15876,0.4117647058823529,2.3919416284625816,3.7049717961974102,8.594633460662177e-4,0.022504249620568254,0.020035612484743726,SAMD4A/RC3H2/DCP1A/TNRC6B/PAN3/RC3H1/TNRC6C/PARN/PATL1/CNOT2/CNOT6L/DCP1B/DCP2/CNOT1,14
BP,GO:0061157,mRNA destabilization,14/2733,34/15876,0.4117647058823529,2.3919416284625816,3.7049717961974102,8.594633460662177e-4,0.022504249620568254,0.020035612484743726,SAMD4A/RC3H2/DCP1A/TNRC6B/PAN3/RC3H1/TNRC6C/PARN/PATL1/CNOT2/CNOT6L/DCP1B/DCP2/CNOT1,14
BP,GO:0007034,vacuolar transport,28/2733,90/15876,0.3111111111111111,1.807244785949506,3.5020301676816517,8.6517417547757e-4,0.022504249620568254,0.020035612484743726,VPS28/VPS13A/SH3D19/VPS13D/ZFYVE16/CCDC91/VTI1A/VPS36/VPS37B/TRAK1/VPS37A/PIK3R4/IGF2R/VPS54/LOC102131403/TMEM106B/STAM/VPS13C/SCARB2/CLEC16A/LAMP2/VTA1/VPS52/VPS41/VPS51/SORL1/TSG101/VPS8,28
BP,GO:0016567,protein ubiquitination,82/2733,344/15876,0.23837209302325582,1.3847037500319097,3.2894355296801643,9.75660636082492e-4,0.025096159694788542,0.022343199128064553,WWP1/HERC3/MIB1/UBE4B/RNF217/UBE3C/HERC4/TRIM44/ANKIB1/UBE2E2/UBR5/RNF180/COMMD1/CUL3/RC3H2/WWP2/CRBN/UBE3D/UBR3/CUL5/RNF38/SMURF2/CNOT4/ZNRF2/XIAP/UHRF2/MDM2/WSB1/RNF144B/RC3H1/RNF115/RNF19A/PDZRN3/ERCC8/SHPRH/UBE4A/CDC16/UBE2H/UBE2E3/MDM4/CAND1/WDSUB1/ANAPC10/ZNRF1/BIRC2/N4BP1/LOC102131403/KLHL7/FBXO38/DTX1/UBE2E1/UBE2K/UBE2L3/UBE2R2/SH3RF2/UBA6/TRIM2/FBXO25/FANCL/HERC6/CDC23/TRIM37/TRIM6/PML/HECTD1/RNF144A/MTPN/TRAF3/PJA2/ANAPC7/RNF19B/NEDD4L/TRIM27/ITCH/RNF125/RNF114/HECTD2/RNF31/TRIM22/CDC27/UBE3B/TRIM38,82
BP,GO:0055082,intracellular chemical homeostasis,62/2733,247/15876,0.25101214574898784,1.4581298301906078,3.3090313431626543,0.0010190431555317625,0.025924009945670658,0.02308023711429949,HPX/ATP1A1/DMXL2/SLC39A14/HAMP/MICU3/TF/SLC9A2/STXBP4/CYP7A1/ATP2B2/ATP2B4/RYR2/LOC101867369/SLC30A7/GPR89A/DMXL1/PLCL2/ATP1B1/CNNM1/CNNM2/SLC9A9/UBASH3B/ATP2B1/SLC9A8/IGF1R/MICU2/STIM2/HK3/MCU/PLCB4/PTPRN2/PSEN1/ATP2A2/ATP2C1/SLC30A5/PLCG2/PLCD4/HERPUD1/GLRX3/ANXA6/PLCL1/CCDC47/MCUB/NCOA4/ATP13A2/TMEM64/SLC9A3/SLC39A10/PLCB2/MICU1/ATP13A4/FTH1/TRPC1/STIM1/TMEM165/PLCH1/PKD2/SLC4A4/HK1/SLC39A8/PLCB1,62
BP,GO:0015918,sterol transport,13/2733,31/15876,0.41935483870967744,2.436032718388159,3.6494590004091374,0.0010669251349701677,0.026847083559303677,0.023902052794869434,APOB/APOA2/ABCG8/ABCG5/SOAT1/LRP6/SCARB1/GRAMD1C/CETP/STARD3NL/TTC39B/LDLR/GRAMD1B,13
BP,GO:0050801,monoatomic ion homeostasis,62/2733,248/15876,0.25,1.4522502744237102,3.2732743483647013,0.0011349487852614726,0.028251682127745256,0.025152571834091267,HPX/ATP1A1/DMXL2/TRPM7/SLC39A14/HAMP/MICU3/TF/SLC9A2/ATP2B2/ATP2B4/RYR2/LOC101867369/SLC30A7/GPR89A/COMMD1/DMXL1/WNK3/PLCL2/ATP1B1/CNNM1/CNNM2/SLC9A9/UBASH3B/ATP2B1/SLC9A8/SLC12A6/WNK1/MICU2/STIM2/MCU/PLCB4/PSEN1/ATP2A2/ATP2C1/SLC30A5/PLCG2/PLCD4/HERPUD1/GLRX3/ANXA6/PLCL1/CCDC47/MCUB/NCOA4/ATP13A2/TMEM64/SLC9A3/SLC39A10/PLCB2/ATP7A/MICU1/ATP13A4/FTH1/TRPC1/STIM1/TMEM165/PLCH1/PKD2/SLC4A4/SLC39A8/PLCB1,62
BP,GO:0042060,wound healing,24/2733,75/15876,0.32,1.8588803512623489,3.399777078052975,0.0012740370398716646,0.03137655050322238,0.027934653125069646,FGG/FGA/FGB/KNG1/F13B/PRCP/HRG/SERPINC1/VWF/F9/FGL1/LYN/CPB2/SERPIND1/ARHGAP24/TEC/UBASH3B/DST/DYSF/SYK/TREML1/DCBLD2/ANXA6/HABP2,24
BP,GO:0019725,cellular homeostasis,67/2733,274/15876,0.24452554744525548,1.4204491735239209,3.201312545969354,0.001367274870275736,0.03308332907891041,0.02945420408616873,HPX/ATP1A1/DMXL2/SLC39A14/HAMP/MICU3/TF/SLC9A2/STXBP4/CYP7A1/ATP2B2/ATP2B4/RYR2/LOC101867369/SLC30A7/GPR89A/DMXL1/PLCL2/ATP1B1/KRIT1/CNNM1/CNNM2/SLC9A9/UBASH3B/ATP2B1/SLC9A8/IGF1R/SLC12A6/MICU2/MTM1/STIM2/HK3/MCU/PLCB4/PTPRN2/PSEN1/ATP2A2/ATP2C1/SLC30A5/PLCG2/PLCD4/PLAA/HERPUD1/GLRX3/ANXA6/PLCL1/CCDC47/TXN2/MCUB/NCOA4/ATP13A2/TMEM64/SLC9A3/SLC39A10/PLCB2/MICU1/ATP13A4/FTH1/TRPC1/STIM1/TMEM165/PLCH1/PKD2/SLC4A4/HK1/SLC39A8/PLCB1,67
BP,GO:0030162,regulation of proteolysis,32/2733,110/15876,0.2909090909090909,1.6898912284203171,3.310896719391923,0.0013771026896246081,0.03308332907891041,0.02945420408616873,AHSG/SERPINA1/KNG1/CLU/HRG/SERPINC1/SERPING1/RNF217/SERPINA3/ANKIB1/FETUB/TFPI/RNF180/COMMD1/SERPINA6/SERPINA11/TNFRSF1B/SERPINA5/SERPIND1/FHIT/SERPINA4/RNF144B/CSNK1D/RNF19A/CTSS/SPOPL/N4BP1/SH3RF2/RHOBTB1/NUB1/RNF144A/RNF19B,32
BP,GO:0046839,phospholipid dephosphorylation,16/2733,43/15876,0.37209302325581395,2.1614887805376153,3.4777396744504494,0.0013862129246886865,0.03308332907891041,0.02945420408616873,EPHX2/PLPP5/PLPP3/SACM1L/FIG4/PTEN/MTMR10/MTMR12/MTM1/INPP5D/PLPP1/MTMR3/MTMR1/MTMR6/MTMR2/OCRL,16
BP,GO:0032922,circadian regulation of gene expression,9/2733,18/15876,0.5,2.9045005488474205,3.686570782617984,0.0014275508106581663,0.03360819025745819,0.029921489837036786,PER3/ID2/ID1/BHLHE40/NPAS2/CLOCK/CRY2/PER2/ID3,9
BP,GO:0051235,maintenance of location,19/2733,55/15876,0.34545454545454546,2.006745833749127,3.4104654119285995,0.0014517576785079134,0.03360819025745819,0.029921489837036786,VPS13A/VPS13D/RYR2/PLCL2/KDELR2/UBASH3B/AKAP9/PLCB4/ANKRD13C/VPS13C/PLCG2/PLCD4/ANXA6/PLCL1/PLCB2/SORL1/PLCH1/PKD2/PLCB1,19
BP,GO:0051651,maintenance of location in cell,19/2733,55/15876,0.34545454545454546,2.006745833749127,3.4104654119285995,0.0014517576785079134,0.03360819025745819,0.029921489837036786,VPS13A/VPS13D/RYR2/PLCL2/KDELR2/UBASH3B/AKAP9/PLCB4/ANKRD13C/VPS13C/PLCG2/PLCD4/ANXA6/PLCL1/PLCB2/SORL1/PLCH1/PKD2/PLCB1,19
BP,GO:0051246,regulation of protein metabolic process,102/2733,449/15876,0.22717149220489977,1.3196394475832378,3.1330853872392255,0.0014697899427225031,0.03368874967725341,0.029993212171450356,AHSG/IGF1/SERPINA1/KNG1/CLU/BCAR3/VEGFA/HRG/SERPINC1/SERPING1/RNF217/EEFSEC/DUSP10/SAMD4A/SERPINA3/ANKIB1/FETUB/PSMD1/CPEB3/LARP4B/PDGFC/FXR1/EIF2AK3/TFPI/MNAT1/RNF180/COMMD1/SERPINA6/SERPINA11/APC/CNOT10/CCNH/LARP1B/TNFRSF1B/SERPINA5/XIAP/SERPIND1/AZIN1/STRADB/FHIT/PRKAR2A/SERPINA4/RNF144B/PTPRS/TREM2/WDFY2/CSNK1D/UBASH3B/RNF19A/LARP1/TAB2/PRKAR1A/CBL/CCNJL/RMND1/DTNBP1/AKAP9/ITM2B/CBLB/CCNI/CPEB2/IBTK/CTSS/DDX6/CDK5RAP3/CCND1/BIRC2/SPOPL/N4BP1/EIF2AK4/STRADA/CPEB4/IL34/SH3RF2/PRRC1/PTPRH/TRIM2/CCNY/RB1CC1/RHOBTB1/CTIF/NUB1/NCK1/LARP4/CCNG2/KIT/PSMD3/RNF144A/PDGFD/CNOT1/FMR1/PUM3/RNF19B/PTPRB/LRPPRC/SECISBP2L/TPD52L1/TRAF4/SAMSN1/RBM3/IL6R/CD74,102
BP,GO:0002183,cytoplasmic translational initiation,7/2733,12/15876,0.5833333333333334,3.3885839736553236,3.7744546817981717,0.0015694010928868957,0.03527343233041906,0.03140406070385837,EIF2B3/EIF2AK4/DENR/EIF5/EIF3A/EIF2S2/EIF3M,7
BP,GO:0007528,neuromuscular junction development,7/2733,12/15876,0.5833333333333334,3.3885839736553236,3.7744546817981717,0.0015694010928868957,0.03527343233041906,0.03140406070385837,GPHN/UNC13B/PPFIBP2/PDZRN3/UNC13C/MYCBP2/AGRN,7
BP,GO:0018193,peptidyl-amino acid modification,86/2733,370/15876,0.23243243243243245,1.3502002551398822,3.1081134252721014,0.0016633279578366685,0.03643832672600536,0.0324411702760116,CAMK1D/BCAR3/NMT2/FKBP11/SRPK2/TLK2/CSNK1G1/SRPK1/RPS6KA3/ROCK2/ZDHHC14/HIPK2/P4HA1/TLK1/PIAS2/PKN2/NKTR/PRKCE/CWC27/PIAS1/STK38/HIPK3/PRKCA/AGTPBP1/DYRK1A/CSNK1A1/ASPH/PRMT3/TTLL7/SENP7/DPH6/NSMCE2/NAA25/MAST4/RPS6KA2/TREM2/CSNK1D/FER/VRK2/CDC42BPA/CDC42BPB/SENP2/CBL/CHUK/AKAP9/RPS6KA5/CBLB/CSNK2A1/NMT1/ROCK1/LATS1/PPIG/NEK7/SETD7/EGLN3/JAK2/CSNK1G3/EGLN1/PPWD1/DPY19L1/ULK2/PRMT9/TTBK2/TMX3/PPIA/UBA2/SENP6/NAA35/ZDHHC21/TBK1/TTLL5/NAA15/VRK1/LOC102118792/PRMT2/PRKCD/RPS6KA4/SAMSN1/VRK3/PKN1/IL6R/TTLL6/NEK6/ULK1/CD74/TPST1,86
BP,GO:0006986,response to unfolded protein,14/2733,36/15876,0.3888888888888889,2.2590559824368825,3.448642147090843,0.0016668587122216922,0.03643832672600536,0.0324411702760116,PARP6/HERPUD2/HSPA5/PARP8/ERN1/ERLEC1/PTPN1/ATF6/HERPUD1/OS9/NCK1/JKAMP/TMTC4/RHBDD1,14
BP,GO:0055080,monoatomic cation homeostasis,60/2733,242/15876,0.24793388429752067,1.4402482060400432,3.1470210872642865,0.0016684503814067251,0.03643832672600536,0.0324411702760116,HPX/ATP1A1/DMXL2/TRPM7/SLC39A14/HAMP/MICU3/TF/SLC9A2/ATP2B2/ATP2B4/RYR2/LOC101867369/SLC30A7/GPR89A/COMMD1/DMXL1/PLCL2/ATP1B1/CNNM1/CNNM2/SLC9A9/UBASH3B/ATP2B1/SLC9A8/SLC12A6/MICU2/STIM2/MCU/PLCB4/PSEN1/ATP2A2/ATP2C1/SLC30A5/PLCG2/PLCD4/HERPUD1/GLRX3/ANXA6/PLCL1/CCDC47/MCUB/NCOA4/ATP13A2/TMEM64/SLC9A3/SLC39A10/PLCB2/ATP7A/MICU1/ATP13A4/FTH1/TRPC1/STIM1/TMEM165/PLCH1/PKD2/SLC4A4/SLC39A8/PLCB1,60
BP,GO:0046488,phosphatidylinositol metabolic process,31/2733,107/15876,0.2897196261682243,1.6829816264349537,3.2324235455815096,0.001742951195411327,0.03770964502221703,0.03357302942071203,PIK3CB/LPGAT1/PIGA/SACM1L/PIK3R1/PI4K2A/LCLAT1/FIG4/PIK3C3/PTEN/PGAP1/TTC7A/MTMR10/MTMR12/MTM1/INPP5D/PIP4K2A/PIGN/MTMR3/MTMR1/PI4K2B/PIK3CA/PIGB/MTMR6/MPPE1/MTMR2/PIKFYVE/PIGL/PIP4K2B/OCRL/PI4KA,31
BP,GO:0034976,response to endoplasmic reticulum stress,21/2733,64/15876,0.328125,1.9060784851811197,3.3120114631700397,0.001761020991111084,0.03774781105946444,0.03360700877773394,EDEM3/TMEM117/MAN1A1/PDIA3/EIF2AK3/PARP6/HERPUD2/HSPA5/PARP8/MAN1C1/ERN1/PDIA6/ERLEC1/PTPN1/ATF6/MAN1A2/HERPUD1/OS9/VCP/NCK1/TMTC4,21
BP,GO:0007623,circadian rhythm,12/2733,29/15876,0.41379310344827586,2.4037245921495893,3.4501407076909127,0.0018967856469609989,0.039918716115588296,0.03553977317463766,PER3/ID2/ID1/BTBD9/BHLHE40/NPAS2/CSNK1D/CLOCK/CRY2/PER2/HTR7/ID3,12
BP,GO:0030968,endoplasmic reticulum unfolded protein response,12/2733,29/15876,0.41379310344827586,2.4037245921495893,3.4501407076909127,0.0018967856469609989,0.039918716115588296,0.03553977317463766,PARP6/HERPUD2/HSPA5/PARP8/ERN1/ERLEC1/PTPN1/ATF6/HERPUD1/OS9/NCK1/TMTC4,12
BP,GO:0006903,vesicle targeting,10/2733,22/15876,0.45454545454545453,2.6404550444067456,3.5110391789373288,0.0019421556662006113,0.040505318623913655,0.03606202744827688,TFG/EXOC6B/EXOC4/TBC1D23/EXOC6/SEC16A/STARD3NL/ARFGAP2/ARFGAP3/FAM91A1,10
BP,GO:0006915,apoptotic process,82/2733,352/15876,0.23295454545454544,1.3532332102584572,3.056050115634526,0.001966131699958375,0.04063924004824677,0.03618125816276784,FGA/IGF1/CLU/CASP10/BIRC6/TNFRSF21/PPP1R13B/ABL2/DAPK1/ARHGAP10/CFLAR/TMEM117/NOTCH2/HIPK2/STK17A/PRKDC/LYN/ERBB4/FAM162A/CASP6/GSK3B/PIM1/DAP/TAX1BP1/APOE/TNFRSF1B/DAP3/XIAP/MTDH/DNM1L/BCL3/CARD6/MAP3K5/FHIT/MDM2/EGFR/ERN1/PSEN2/ABL1/PAWR/FBXO10/MDM4/ARMC10/IFI27/HTRA1/LATS1/CTSS/JAK2/CASP3/BIRC2/EYA2/CASP1/EYA3/DICER1/TP53/HERPUD1/ANXA6/FBXO11/TNFAIP8/JMY/NCK1/PRUNE2/TSC22D1/NOD1/TRAF3/CASP7/CASP8AP2/APAF1/DSTYK/API5/TP53BP2/TPD52L1/RHBDD1/TRAF4/PAK5/USP36/CYLD/BCL2/CD74/MADD/LOC101925999/STK17B,82
BP,GO:0006873,intracellular monoatomic ion homeostasis,56/2733,225/15876,0.24888888888888888,1.4457958287596047,3.071041199506609,0.002127322615257717,0.04319957766948785,0.0384607357403011,HPX/ATP1A1/DMXL2/SLC39A14/HAMP/MICU3/TF/SLC9A2/ATP2B2/ATP2B4/RYR2/LOC101867369/SLC30A7/GPR89A/DMXL1/PLCL2/ATP1B1/CNNM1/CNNM2/SLC9A9/UBASH3B/ATP2B1/SLC9A8/MICU2/STIM2/MCU/PLCB4/PSEN1/ATP2A2/ATP2C1/SLC30A5/PLCG2/PLCD4/HERPUD1/GLRX3/ANXA6/PLCL1/CCDC47/MCUB/NCOA4/ATP13A2/TMEM64/SLC9A3/SLC39A10/PLCB2/MICU1/ATP13A4/FTH1/TRPC1/STIM1/TMEM165/PLCH1/PKD2/SLC4A4/SLC39A8/PLCB1,56
BP,GO:0030003,intracellular monoatomic cation homeostasis,56/2733,225/15876,0.24888888888888888,1.4457958287596047,3.071041199506609,0.002127322615257717,0.04319957766948785,0.0384607357403011,HPX/ATP1A1/DMXL2/SLC39A14/HAMP/MICU3/TF/SLC9A2/ATP2B2/ATP2B4/RYR2/LOC101867369/SLC30A7/GPR89A/DMXL1/PLCL2/ATP1B1/CNNM1/CNNM2/SLC9A9/UBASH3B/ATP2B1/SLC9A8/MICU2/STIM2/MCU/PLCB4/PSEN1/ATP2A2/ATP2C1/SLC30A5/PLCG2/PLCD4/HERPUD1/GLRX3/ANXA6/PLCL1/CCDC47/MCUB/NCOA4/ATP13A2/TMEM64/SLC9A3/SLC39A10/PLCB2/MICU1/ATP13A4/FTH1/TRPC1/STIM1/TMEM165/PLCH1/PKD2/SLC4A4/SLC39A8/PLCB1,56
BP,GO:0016579,protein deubiquitination,28/2733,95/15876,0.29473684210526313,1.7121266393205843,3.174542925020481,0.0021516490649604713,0.04331363117724775,0.038562277978879664,USP43/USP32/USP24/USP34/PSMD14/MINDY2/USP8/USP33/USP47/USP40/USP9X/USP37/MINDY3/USP10/OTULIN/USP22/USP20/USP48/USP3/USP12/USP28/USP15/BRCC3/USP4/UCHL3/USP36/CYLD/MINDY4,28
BP,GO:0030518,nuclear receptor-mediated steroid hormone signaling pathway,9/2733,19/15876,0.47368421052631576,2.7516320989080825,3.483682856708317,0.0023008120105595204,0.04591137848987213,0.04087506153605531,KANK2/ESR1/ESR2/ESRRA/NR3C1/NR3C2/NR1H3/SAFB/ESRRG,9
BP,GO:0000956,nuclear-transcribed mRNA catabolic process,19/2733,57/15876,0.3333333333333333,1.9363336992316136,3.2292970651220005,0.00233156627490562,0.04591137848987213,0.04087506153605531,SMG6/SAMD4A/UPF2/ZCCHC7/RC3H2/DCP1A/TNRC6B/PAN3/RC3H1/XRN1/TNRC6C/PARN/PATL1/CNOT2/CNOT6L/DCP1B/DCP2/SMG1/CNOT1,19
BP,GO:0006893,Golgi to plasma membrane transport,11/2733,26/15876,0.4230769230769231,2.4576543105632016,3.3920013063507,0.0023591722301661675,0.04591137848987213,0.04087506153605531,NSF/EXOC2/RABEP1/GOLPH3L/CNST/EXOC6B/EXOC4/EXOC5/EXOC6/EXOC1/CCDC93,11
BP,GO:0007596,blood coagulation,18/2733,53/15876,0.33962264150943394,1.9728682973303233,3.235020231080959,0.002379855472477173,0.04591137848987213,0.04087506153605531,FGG/FGA/FGB/KNG1/F13B/HRG/SERPINC1/VWF/F9/FGL1/LYN/CPB2/SERPIND1/TEC/UBASH3B/SYK/TREML1/HABP2,18
BP,GO:0007599,hemostasis,18/2733,53/15876,0.33962264150943394,1.9728682973303233,3.235020231080959,0.002379855472477173,0.04591137848987213,0.04087506153605531,FGG/FGA/FGB/KNG1/F13B/HRG/SERPINC1/VWF/F9/FGL1/LYN/CPB2/SERPIND1/TEC/UBASH3B/SYK/TREML1/HABP2,18
BP,GO:0000041,transition metal ion transport,22/2733,70/15876,0.3142857142857143,1.8256860592755213,3.157056921053036,0.002570885797678405,0.049186781996905016,0.04379116478342164,HPX/HRG/SLC39A14/HAMP/TF/STEAP4/SLC40A1/SLC30A7/SLC25A37/STEAP3/SLC31A1/SLC39A11/ATP2C1/SLC30A5/SLC39A10/ATP7A/FTH1/SLC31A2/SLC39A9/FLVCR2/TMEM165/SLC39A8,22
CC,GO:0005768,endosome,88/2657,298/15549,0.2953020134228188,1.7281336118597703,5.761597897358135,5.905939576904716e-8,2.6812965679147412e-5,2.3996765017739165e-5,ARRDC3/TBC1D16/SNX1/VPS28/HRG/SH3D19/RAB43/EEA1/TTPA/CLINT1/APP/TF/RABEP1/ATP11C/STEAP4/RPS6KC1/RAB5A/ZFYVE16/COMMD1/ACAP2/PI4K2A/ATP9B/RAB14/UVRAG/DENND6A/VPS50/PIK3C3/LITAF/STEAP3/EPN2/VTI1A/MVB12B/RAB12/VPS36/WDFY2/TOM1L2/SLC9A9/PPP1R21/VPS37B/SCAMP1/ABCA5/RAB10/CLCN5/VPS37A/ASTN2/SNX2/FCHSD2/SNX30/RAB21/PIK3R4/USP10/ATP11B/SNX27/CLCN3/PTPN1/FYCO1/TOM1/AP5M1/LOC102131403/STAM/PI4K2B/PDCD6IP/RAB11FIP2/STARD3NL/DENND4A/TMEM192/CLEC16A/SNX25/ABHD17B/SNX14/SIGLEC1/LAMP2/WDFY1/PARM1/SNX10/VTA1/TPCN1/VPS41/VPS51/RAB8B/ATP13A4/ANKRD27/WASHC4/PLEKHA3/TSG101/LDLR/SNX32/VPS8,88
CC,GO:0010494,cytoplasmic stress granule,11/2657,18/15549,0.6111111111111112,3.5762765023209138,4.964801733652393,3.475955338226196e-5,0.007890418617773466,0.007061677687133221,ATXN2/STAU2/LARP4B/RC3H2/LARP1B/STAU1/RC3H1/LARP1/ROCK1/DDX6/LARP4,11
CC,GO:0036464,cytoplasmic ribonucleoprotein granule,30/2657,92/15549,0.32608695652173914,1.9082898332542424,3.966693623044019,2.0432084247004232e-4,0.030920554160466407,0.027672928138047836,SAMD4A/ATXN2/STAU2/PIWIL2/LARP4B/LIMD1/FXR1/DIS3L2/RC3H2/LARP1B/DCP1A/TNRC6B/STAU1/LSM14A/PAN3/RC3H1/TNRC6C/LARP1/PATL1/ROCK1/DDX6/CNOT2/DCP1B/DCP2/LARP4/CNOT1/FMR1/HELZ/KHNYN/HNRNPU,30
CC,GO:0035770,ribonucleoprotein granule,31/2657,98/15549,0.3163265306122449,1.8511709538915304,3.837288316100895,2.977363797592079e-4,0.0337930791026701,0.030243748049224806,SAMD4A/ATXN2/STAU2/PIWIL2/LARP4B/LIMD1/FXR1/DIS3L2/RC3H2/LARP1B/DCP1A/TNRC6B/STAU1/LSM14A/PAN3/RC3H1/TNRC6C/LARP1/PATL1/ROCK1/DDX6/CNOT2/DCP1B/DCP2/LARP4/CNOT1/FMR1/HELZ/KHNYN/FASTKD1/HNRNPU,31
MF,GO:0004674,protein serine/threonine kinase activity,117/2793,316/15985,0.370253164556962,2.119046486016125,9.244723168436296,5.014099541473385e-17,3.8207438506027193e-14,3.288193699303072e-14,CAMK1D/CDK6/ACVR1B/SRPK2/TLK2/CSNK1G1/SRPK1/TRPM7/DAPK1/TAOK1/RPS6KA3/SGK1/ALPK1/MAP4K3/ROCK2/STK3/HIPK2/LIMK2/BMPR2/TLK1/STK17A/PKN2/TAOK3/MARK3/SNRK/PRKDC/ATR/EIF2AK3/TESK2/BMPR1A/PRKCE/NLK/MAP3K13/WNK3/GSK3B/PIM1/STK38/HIPK3/PRKAA1/PRKCA/DYRK1A/CSNK1A1/ACVR1/EIF2AK2/CDK8/MAP3K5/MAST4/RPS6KA2/ACVR1C/SGK3/CSNK1D/VRK2/TGFBR3/PRKCB/AKT3/PRKACB/CDC42BPA/CDC42BPB/CAMK2D/PDK4/ERN1/NRBP2/WNK1/CHUK/RPS6KA5/CAMK2G/CSNK2A1/OXSR1/PAK1/CDK19/MAPK9/PIK3R4/ROCK1/LATS1/NEK7/TBCK/CDK17/SIK2/RIOK3/CSNK1G3/ATM/EIF2AK4/MAPK14/EEF2K/PRKD3/BMPR1B/PLK2/ULK2/TTBK2/TGFBR1/PAK2/PRKG1/SIK3/MAPK1/TBK1/SMG1/STK4/STK39/NUAK1/VRK1/PDK1/CDK12/TGFBR2/PRKCD/RPS6KA4/PAK5/PRKCI/VRK3/PKN1/SLK/NEK6/ULK1/ENG/STK17B/CAMK4/STK10/MAPK3,117
MF,GO:0030695,GTPase regulator activity,115/2793,331/15985,0.3474320241691843,1.9884356986553566,8.361277478896415,1.8218103604808645e-14,4.627398315621396e-12,3.9824135248406266e-12,KALRN/TBC1D16/BCAR3/STXBP5/IQGAP2/NGEF/GBF1/VAV3/RGS14/RALGAPA1/ARFGEF1/RAP1GDS1/ALS2/ASAP1/DENND5B/ARHGAP10/SBF2/RAPGEF5/FARP1/SOS1/DENND1A/RABEP1/RALGAPA2/CHN2/RASGEF1B/ASAP2/SMAP1/ITSN1/EIF2B3/RAPGEF6/ACAP2/VAV2/AGFG1/RIC8B/ARHGAP29/DENND6A/TBC1D15/DOCK1/DOCK9/GNAQ/ARHGAP24/RIN2/ARHGEF10L/ARHGEF12/GDI2/RGL1/DOCK11/ARHGAP1/DENND5A/GAPVD1/SOS2/RASGRP3/DOCK3/CYTH1/AKAP13/DOCK7/ARHGAP42/FGD2/ARHGAP5/ARAP2/ARHGDIB/ARHGEF11/FGD4/SYDE2/ARHGEF7/DEPDC5/RAB3GAP1/RASA2/FBXO8/TBCK/ITSN2/RALGAPB/ARHGEF3/RIN3/SRGAP1/TBC1D5/SEC23A/PLEKHG1/RAPGEF1/DENND1B/DOCK2/ARHGAP28/RAPGEF2/ARHGAP20/ARHGAP35/RASGRP1/HERC5/CHM/ARFGAP2/ARFGAP3/EIF5/STARD13/SIPA1L1/RALGPS1/FGD6/ARHGEF28/ARHGAP17/ARHGAP25/ARHGEF15/SEC23B/FGD3/DOCK6/TIAM1/ANKRD27/ARHGAP26/ARHGAP45/DOCK10/RAPGEFL1/SGSM1/ARHGAP30/ARHGEF16/DOCK5/MADD/ARFGEF3/RALGPS2,115
MF,GO:0060589,nucleoside-triphosphatase regulator activity,115/2793,331/15985,0.3474320241691843,1.9884356986553566,8.361277478896415,1.8218103604808645e-14,4.627398315621396e-12,3.9824135248406266e-12,KALRN/TBC1D16/BCAR3/STXBP5/IQGAP2/NGEF/GBF1/VAV3/RGS14/RALGAPA1/ARFGEF1/RAP1GDS1/ALS2/ASAP1/DENND5B/ARHGAP10/SBF2/RAPGEF5/FARP1/SOS1/DENND1A/RABEP1/RALGAPA2/CHN2/RASGEF1B/ASAP2/SMAP1/ITSN1/EIF2B3/RAPGEF6/ACAP2/VAV2/AGFG1/RIC8B/ARHGAP29/DENND6A/TBC1D15/DOCK1/DOCK9/GNAQ/ARHGAP24/RIN2/ARHGEF10L/ARHGEF12/GDI2/RGL1/DOCK11/ARHGAP1/DENND5A/GAPVD1/SOS2/RASGRP3/DOCK3/CYTH1/AKAP13/DOCK7/ARHGAP42/FGD2/ARHGAP5/ARAP2/ARHGDIB/ARHGEF11/FGD4/SYDE2/ARHGEF7/DEPDC5/RAB3GAP1/RASA2/FBXO8/TBCK/ITSN2/RALGAPB/ARHGEF3/RIN3/SRGAP1/TBC1D5/SEC23A/PLEKHG1/RAPGEF1/DENND1B/DOCK2/ARHGAP28/RAPGEF2/ARHGAP20/ARHGAP35/RASGRP1/HERC5/CHM/ARFGAP2/ARFGAP3/EIF5/STARD13/SIPA1L1/RALGPS1/FGD6/ARHGEF28/ARHGAP17/ARHGAP25/ARHGEF15/SEC23B/FGD3/DOCK6/TIAM1/ANKRD27/ARHGAP26/ARHGAP45/DOCK10/RAPGEFL1/SGSM1/ARHGAP30/ARHGEF16/DOCK5/MADD/ARFGEF3/RALGPS2,115
MF,GO:0005085,guanyl-nucleotide exchange factor activity,66/2793,186/15985,0.3548387096774194,2.0308259127080373,6.506536670129693,2.5579425750235696e-9,4.8728806054199e-7,4.193679537472852e-7,KALRN/BCAR3/NGEF/GBF1/VAV3/ARFGEF1/RAP1GDS1/ALS2/DENND5B/SBF2/RAPGEF5/FARP1/SOS1/DENND1A/RASGEF1B/ITSN1/EIF2B3/RAPGEF6/VAV2/RIC8B/DENND6A/DOCK1/DOCK9/RIN2/ARHGEF10L/ARHGEF12/RGL1/DOCK11/DENND5A/GAPVD1/SOS2/RASGRP3/DOCK3/CYTH1/AKAP13/DOCK7/FGD2/ARHGEF11/FGD4/ARHGEF7/FBXO8/ITSN2/ARHGEF3/RIN3/PLEKHG1/RAPGEF1/DENND1B/DOCK2/RAPGEF2/RASGRP1/HERC5/RALGPS1/FGD6/ARHGEF28/ARHGEF15/FGD3/DOCK6/TIAM1/ANKRD27/DOCK10/RAPGEFL1/ARHGEF16/DOCK5/MADD/ARFGEF3/RALGPS2,66
MF,GO:0003729,mRNA binding,79/2793,253/15985,0.31225296442687744,1.7870976141652832,5.8065713865480575,5.434939669126581e-8,8.28284805574891e-6,7.128352450243915e-6,RBFOX1/METTL14/SRSF4/SRBD1/SAMD4A/ATXN2/STAU2/A1CF/RBFOX2/CPEB3/LARP4B/PABPC4/FXR1/RBM47/PTBP2/RC3H2/RBPMS/QKI/ANGEL2/DCP1A/ZFP36/ACO1/STAU1/FUBP3/LSM14A/RBMS3/DDX5/RC3H1/CELF2/PTBP3/HNRNPA2B1/HNRNPK/IREB2/RBMS2/RBMS1/TIAL1/EIF2A/RBM20/LUC7L3/KHDRBS3/YTHDC1/SNRNP70/CPEB2/ZFP36L1/CELF1/DDX6/PUM2/GEMIN5/G3BP1/LUC7L/CPSF7/CPEB4/FUBP1/DDX17/CASC3/G3BP2/DENR/DCP1B/CPSF6/LARP4/FMR1/PUM3/PCBP2/SERBP1/KHNYN/IGF2BP2/LRPPRC/SECISBP2L/BCLAF1/EIF4G2/SYNCRIP/PCF11/EIF3A/KHDRBS2/HNRNPLL/EIF2S2/SRRM2/EIF4G1/SF1,79
MF,GO:0008047,enzyme activator activity,78/2793,267/15985,0.29213483146067415,1.6719567779802635,5.094730426097049,1.3146528589849134e-6,1.6696091309108399e-4,1.436892510785265e-4,SH3PXD2A/TBC1D16/STXBP5/IQGAP2/RGS14/RALGAPA1/PPP2R5E/ASAP1/ARHGAP10/RGCC/RABEP1/RALGAPA2/CHN2/ASAP2/SMAP1/MNAT1/ACAP2/AGFG1/PARP6/ARHGAP29/TBC1D15/DCP1A/RICTOR/GNAQ/AZIN1/STRADB/ARHGAP24/SH3PXD2B/ARHGEF12/PARP8/ARHGAP1/DOCK3/ARHGAP42/ARHGAP5/ARAP2/PSME4/SYDE2/PPP2R5C/DEPDC5/RAB3GAP1/RASA2/PCOLCE/TBCK/CTSS/RALGAPB/CAB39/SRGAP1/TBC1D5/SEC23A/STRADA/PPP4R3B/WRNIP1/PPP4R3A/DOCK2/ARHGAP28/CCNY/ARHGAP20/ARHGAP35/ARFGAP2/DCP1B/ARFGAP3/CCNT1/STARD13/SIPA1L1/CCNT2/ARHGAP17/ARHGAP25/SEC23B/CWF19L1/ARHGAP26/ARHGAP45/FBLN1/SGSM1/ARHGAP30/NCF1/DOCK5/LOC101925999/FAM20A,78
MF,GO:0042578,phosphoric ester hydrolase activity,91/2793,326/15985,0.2791411042944785,1.5975906022725526,5.015952660758622,1.5836557927890429e-6,1.7239224487217869e-4,1.4836354269286823e-4,EPHX2/PFKFB1/PLPP5/PTPN2/PTPN12/NT5C2/DUSP10/PPP3CA/PPM1K/PTP4A1/PTPRG/ALPL/PLPP3/RPAP2/SACM1L/PTPRK/PTPN4/FIG4/SSH2/PLCL2/PTPRM/CTDSPL/PON1/PLD1/ENPP1/INPP4A/PDE1C/PPM1B/PDE4D/PPP3CC/CDC14B/GPCPD1/PTPRS/PDE4B/PTPN9/PDE8A/INPP4B/UBASH3B/PTEN/MTMR10/LPIN2/NT5DC1/CTDSPL2/PPP2CA/MTMR12/MTM1/INPP5D/PLCB4/RNGTT/DUSP1/PLPP1/MTMR3/PTPRN2/ILKAP/SSH1/CDC14A/PTPN1/PPTC7/SGPP1/DUSP11/EYA2/EYA3/MTMR1/PTPN13/PDE3B/PLCG2/PLCD4/PTPRH/CTDSP2/PLCL1/MTMR6/PTPRT/MPPE1/SMPD3/PLCXD3/PUDP/MTMR2/SAMHD1/PLCB2/PDE7A/PPP6C/PTPRB/PTPN21/PTP4A2/OCRL/PPM1L/PDE10A/PLCH1/NT5E/PTPRA/PLCB1,91
MF,GO:0005096,GTPase activator activity,49/2793,146/15985,0.3356164383561644,1.9208123047344388,5.142881819099462,1.8205036768125316e-6,1.7340297521639363e-4,1.4923339350713253e-4,TBC1D16/STXBP5/IQGAP2/RGS14/RALGAPA1/ASAP1/ARHGAP10/RABEP1/RALGAPA2/CHN2/ASAP2/SMAP1/ACAP2/AGFG1/ARHGAP29/TBC1D15/GNAQ/ARHGAP24/ARHGEF12/ARHGAP1/DOCK3/ARHGAP42/ARHGAP5/ARAP2/SYDE2/DEPDC5/RAB3GAP1/RASA2/TBCK/RALGAPB/SRGAP1/TBC1D5/SEC23A/DOCK2/ARHGAP28/ARHGAP20/ARHGAP35/ARFGAP2/ARFGAP3/STARD13/SIPA1L1/ARHGAP17/ARHGAP25/SEC23B/ARHGAP26/ARHGAP45/SGSM1/ARHGAP30/DOCK5,49
MF,GO:0008234,cysteine-type peptidase activity,46/2793,147/15985,0.3129251700680272,1.790944806135845,4.432794094433128,2.9078472610688535e-5,0.002023784465371546,0.001741701508394078,USP43/CAPN12/CTSC/LGMN/CFLAR/USP32/USP24/USP34/CTSO/MINDY2/SENP7/USP8/USP33/SENP2/MALT1/USP47/USP40/USP9X/USP37/MINDY3/USP10/OTULIN/USP22/CTSS/CASP1/USP20/USP48/CAPN9/USP16/USP3/USP12/CAPN2/SENP6/USP28/CAPN11/BLMH/USP15/BRCC3/USP4/LOC102118792/UCHL3/USP36/CYLD/CAPN5/MINDY4/CAPN7,46
MF,GO:0019787,ubiquitin-like protein transferase activity,93/2793,358/15985,0.25977653631284914,1.4867625968352645,4.285917318077072,2.964969616208028e-5,0.002023784465371546,0.001741701508394078,BIRC6/WWP1/UBR1/RNF111/HERC3/MIB1/UBE4B/RNF217/ZNRF3/UBE3C/HERC4/TRIM44/RNF185/ANKIB1/UBE2E2/UBR5/PIAS2/HECTD4/RNF180/RC3H2/WWP2/UBE3D/PIAS1/RNF13/UBR3/RNF38/SMURF2/CNOT4/ZNRF2/XIAP/ATG5/UHRF2/NSMCE2/RNF213/MDM2/RNF144B/RC3H1/RNF115/RNF19A/PDZRN3/MAP3K1/SHPRH/BFAR/UBE4A/CBL/CBLB/HERC1/UBE2H/UBE2E3/MDM4/RNF169/WDSUB1/ZNRF1/RNF121/BIRC2/LOC102131403/DTX1/UBE2E1/UBE2K/UBE2L3/ATG10/UBE2R2/SH3RF2/TRIM2/FANCL/HERC5/HERC6/MYLIP/MYCBP2/UBR7/TRIM37/TRIM6/PML/HECTD1/RNF144A/MTPN/PJA2/UBR2/RNF19B/NEDD4L/TRIM27/ITCH/RNF125/RNF114/HECTD2/RSPRY1/RNF31/G2E3/TRIM22/UBR4/UBE3B/LTN1/TRIM38,93
MF,GO:0008289,lipid binding,102/2793,401/15985,0.2543640897755611,1.455785884376063,4.253206505979428,3.1785668053306245e-5,0.002023784465371546,0.001741701508394078,LBP/FABP1/APOA2/SH3PXD2A/SNX1/RBP5/GC/EEA1/TTPA/MAPKAP1/SGK1/SOAT1/CLINT1/OSBPL8/DENND1A/PARD3/PLEKHA5/RBP4/ESR1/RPS6KC1/HIP1/ZRANB2/ACBD6/GOLPH3L/FFAR4/APOE/UNC13B/ESR2/ACBD3/KIF16B/OSBPL10/EPN2/PITPNC1/APOL6/PITPNB/PICALM/OSBPL1A/ZCCHC2/PLD1/SCARB1/GRAMD1C/SH3PXD2B/ESRRA/SPTBN1/NR3C1/VPS36/SPTBN4/OSBPL9/SGK3/OSBPL11/TOM1L2/SNX9/RORA/ANXA4/FYB1/ARAP2/SNX2/ACBD5/UNC13C/PLA2G4A/OSBP/SNX18/C2CD5/SNX30/RASA2/PXK/NR1H3/CETP/SNX27/TOM1/STAM2/ZFYVE26/EXOC1/DBT/STAM/DENND1B/ACOX1/MTSS1/CPNE8/STARD3NL/FRMPD4/ANXA6/SNX25/ANXA2/ANXA13/SNX14/STARD13/SNX24/ARFIP1/BIN2/SNX10/WIPI2/TEX2/ANXA7/RUBCNL/ESRRG/NCF1/PROM2/NR2F2/ECI2/SNX32/GRAMD1B,102
MF,GO:0004675,transmembrane receptor protein serine/threonine kinase activity,10/2793,15/15985,0.6666666666666666,3.815491108724191,5.0196127484104816,3.328312939648901e-5,0.002023784465371546,0.001741701508394078,ACVR1B/BMPR2/BMPR1A/ACVR1/ACVR1C/TGFBR3/BMPR1B/TGFBR1/TGFBR2/ENG,10
MF,GO:0005496,steroid binding,22/2793,53/15985,0.41509433962264153,2.3756831431678926,4.615769186614674,3.4526506627073614e-5,0.002023784465371546,0.001741701508394078,APOA2/GC/SOAT1/OSBPL8/ESR1/ESR2/OSBPL10/OSBPL1A/GRAMD1C/ESRRA/NR3C1/OSBPL9/OSBPL11/RORA/OSBP/NR1H3/CETP/STARD3NL/ANXA6/ESRRG/PROM2/GRAMD1B,22
MF,GO:0016755,aminoacyltransferase activity,95/2793,370/15985,0.25675675675675674,1.469479683765398,4.204066267785908,3.988383236279978e-5,0.0021367951935551506,0.0018389603613549646,BIRC6/WWP1/UBR1/RNF111/HERC3/MIB1/UBE4B/RNF217/ATE1/ZNRF3/UBE3C/TGM2/HERC4/TRIM44/RNF185/ANKIB1/UBE2E2/UBR5/PIAS2/HECTD4/RNF180/RC3H2/WWP2/UBE3D/PIAS1/RNF13/UBR3/RNF38/SMURF2/CNOT4/ZNRF2/XIAP/ATG5/UHRF2/NSMCE2/RNF213/MDM2/RNF144B/RC3H1/RNF115/RNF19A/PDZRN3/MAP3K1/SHPRH/BFAR/UBE4A/CBL/CBLB/HERC1/UBE2H/UBE2E3/MDM4/RNF169/WDSUB1/ZNRF1/RNF121/BIRC2/LOC102131403/DTX1/UBE2E1/UBE2K/UBE2L3/ATG10/UBE2R2/SH3RF2/TRIM2/FANCL/HERC5/HERC6/MYLIP/MYCBP2/UBR7/TRIM37/TRIM6/PML/HECTD1/RNF144A/MTPN/PJA2/UBR2/RNF19B/NEDD4L/TRIM27/ITCH/RNF125/RNF114/HECTD2/RSPRY1/RNF31/G2E3/TRIM22/UBR4/UBE3B/LTN1/TRIM38,95
MF,GO:0060090,molecular adaptor activity,109/2793,437/15985,0.2494279176201373,1.4275350029208358,4.169634729287683,4.2062897510928165e-5,0.0021367951935551506,0.0018389603613549646,MED27/THRAP3/TAF15/PEX3/STON2/HIPK2/YAP1/ATF7IP2/STX18/PIAS2/HIP1/LIMD1/MAML3/ITSN1/TBL1XR1/APPBP2/MED13L/PKP2/PIAS1/KAT6A/TBL1X/CUL5/DYRK1A/CTNNB1/N4BP2L2/STX3/ZMYND8/URI1/MTDH/ELOC/VTI1A/MAML2/MTA3/WWC1/ATF7IP/WWC2/WWTR1/LMO2/BICD1/DLGAP1/JMJD1C/AKAP13/SEPTIN7/SIN3A/RERE/STX8/RYBP/LPIN2/PARP15/SUPT3H/KDM3B/AKAP9/CREBBP/SPAG9/YTHDC1/ZXDC/GAB1/RCOR3/GNB4/SS18/REPS1/PARP14/ITSN2/PHF12/AP4E1/GOSR1/EP300/CDYL/NAPB/DLGAP4/NAB1/STX7/STX17/KDM3A/PARP9/KDM2A/RB1CC1/FBXO42/AP1M1/BCLAF3/GAB2/SIN3B/KAT7/REPS2/CBFA2T2/JMY/NCK1/NCOA4/STX5/GAB3/KDM7A/GAS2L3/KAT6B/MED15/CNOT1/CASP8AP2/MED14/TCERG1L/BCL9/ZMYND11/TADA2A/BCLAF1/SIRT1/SS18L1/MED24/MED17/HNRNPU/CBFB/AP1S3,109
MF,GO:0003950,NAD+ poly-ADP-ribosyltransferase activity,12/2793,21/15985,0.5714285714285714,3.270420950335021,4.790358931160925,4.860546860568047e-5,0.0023148354423455325,0.001992184667193351,PARP6/TNKS/PARP8/ART4/PARP15/ZC3HAV1/TNKS2/PARP14/PARP9/PARP12/PARP1/PARP11,12
MF,GO:0035091,phosphatidylinositol binding,45/2793,146/15985,0.3082191780821918,1.7640113002663214,4.267123501199722,5.3327113211154724e-5,0.002343984162349913,0.0020172705251333,SH3PXD2A/SNX1/EEA1/TTPA/MAPKAP1/SGK1/DENND1A/PARD3/PLEKHA5/RPS6KC1/HIP1/GOLPH3L/KIF16B/PITPNC1/PITPNB/PICALM/ZCCHC2/PLD1/SH3PXD2B/VPS36/SGK3/TOM1L2/SNX9/ARAP2/SNX2/SNX18/SNX30/PXK/SNX27/TOM1/STAM2/ZFYVE26/EXOC1/STAM/DENND1B/FRMPD4/SNX25/ANXA2/SNX14/SNX24/SNX10/WIPI2/RUBCNL/NCF1/SNX32,45
MF,GO:0004842,ubiquitin-protein transferase activity,88/2793,340/15985,0.25882352941176473,1.481308312798804,4.127602998796268,5.5369704622438885e-5,0.002343984162349913,0.0020172705251333,BIRC6/WWP1/UBR1/RNF111/HERC3/MIB1/UBE4B/RNF217/ZNRF3/UBE3C/HERC4/TRIM44/RNF185/ANKIB1/UBE2E2/UBR5/HECTD4/RNF180/RC3H2/WWP2/UBE3D/RNF13/UBR3/RNF38/SMURF2/CNOT4/ZNRF2/XIAP/UHRF2/RNF213/MDM2/RNF144B/RC3H1/RNF115/RNF19A/PDZRN3/MAP3K1/SHPRH/BFAR/UBE4A/CBL/CBLB/HERC1/UBE2H/UBE2E3/MDM4/RNF169/WDSUB1/ZNRF1/RNF121/BIRC2/LOC102131403/DTX1/UBE2E1/UBE2K/UBE2L3/UBE2R2/SH3RF2/TRIM2/FANCL/HERC5/HERC6/MYLIP/MYCBP2/UBR7/TRIM37/TRIM6/PML/HECTD1/RNF144A/MTPN/PJA2/UBR2/RNF19B/NEDD4L/TRIM27/ITCH/RNF125/RNF114/HECTD2/RSPRY1/RNF31/G2E3/TRIM22/UBR4/UBE3B/LTN1/TRIM38,88
MF,GO:0019838,growth factor binding,21/2793,52/15985,0.40384615384615385,2.311307113938693,4.357929427836118,8.37697876091946e-5,0.0033596093767476994,0.0028913339435195696,FGFR4/GLG1/IGFBP2/IGFBP1/IGFBP3/KDR/NGFR/IL6ST/EGFR/TGFBR3/PDGFRB/IGFBP7/IGFBP4/FGFR1/CSF1R/KIT/TGFBR2/NRP1/FGFR2/IL6R/ENG,21
MF,GO:0003712,transcription coregulator activity,67/2793,247/15985,0.27125506072874495,1.5524569086104503,4.026196778573628,9.360197746185476e-5,0.0035662353412966663,0.0030691595767755532,MED27/THRAP3/TAF15/HIPK2/YAP1/ATF7IP2/PIAS2/LIMD1/MAML3/TBL1XR1/MED13L/PIAS1/KAT6A/TBL1X/DYRK1A/CTNNB1/N4BP2L2/ZMYND8/URI1/MTDH/MAML2/MTA3/ATF7IP/WWTR1/LMO2/JMJD1C/SIN3A/RERE/RYBP/LPIN2/PARP15/SUPT3H/KDM3B/CREBBP/ZXDC/RCOR3/SS18/PARP14/PHF12/EP300/CDYL/NAB1/KDM3A/PARP9/KDM2A/BCLAF3/SIN3B/KAT7/CBFA2T2/JMY/NCOA4/KDM7A/KAT6B/MED15/CASP8AP2/MED14/TCERG1L/BCL9/ZMYND11/TADA2A/BCLAF1/SIRT1/SS18L1/MED24/MED17/HNRNPU/CBFB,67
MF,GO:0031267,small GTPase binding,34/2793,104/15985,0.3269230769230769,1.8710581398551325,4.100603445255796,1.1840319055305902e-4,0.004296344342925284,0.0036975031435867553,YIPF1/ALS2/DENND5B/ROCK2/RANBP17/PKN2/DAAM1/IPO11/DOCK1/RIN2/DENND5A/GAPVD1/IPO8/DOCK3/MYRIP/TNPO1/KPNB1/XPO1/TRIP11/XPO6/ROCK1/RIN3/XPO5/PLEKHG1/DOCK2/CSE1L/RAB11FIP2/CDC42SE2/SYTL2/GOLGA4/DAAM2/SYTL3/PKN1/DOCK5,34
MF,GO:0016791,phosphatase activity,68/2793,254/15985,0.2677165354330709,1.5322050909049905,3.934056558415228,1.2796199951988998e-4,0.004432138347007098,0.0038143696507603564,EPHX2/PFKFB1/PLPP5/PTPN2/PTPN12/NT5C2/DUSP10/PPP3CA/PPM1K/PTP4A1/PTPRG/ALPL/PLPP3/RPAP2/SACM1L/PTPRK/PTPN4/FIG4/SSH2/PTPRM/CTDSPL/INPP4A/PPM1B/PPP3CC/CDC14B/PTPRS/PTPN9/INPP4B/UBASH3B/PTEN/MTMR10/LPIN2/NT5DC1/CTDSPL2/PPP2CA/MTMR12/MTM1/INPP5D/RNGTT/DUSP1/PLPP1/MTMR3/PTPRN2/ILKAP/SSH1/CDC14A/PTPN1/PPTC7/SGPP1/DUSP11/EYA2/EYA3/MTMR1/PTPN13/PTPRH/CTDSP2/MTMR6/PTPRT/PUDP/MTMR2/PPP6C/PTPRB/PTPN21/PTP4A2/OCRL/PPM1L/NT5E/PTPRA,68
MF,GO:0030674,protein-macromolecule adaptor activity,96/2793,387/15985,0.24806201550387597,1.419717621850862,3.8459276495532704,1.4575669962373558e-4,0.004778271900608816,0.0041122577622313755,MED27/THRAP3/TAF15/PEX3/STON2/HIPK2/YAP1/ATF7IP2/STX18/PIAS2/HIP1/LIMD1/MAML3/TBL1XR1/APPBP2/MED13L/PIAS1/KAT6A/TBL1X/CUL5/DYRK1A/CTNNB1/N4BP2L2/STX3/ZMYND8/URI1/MTDH/ELOC/VTI1A/MAML2/MTA3/ATF7IP/WWTR1/LMO2/BICD1/JMJD1C/AKAP13/SIN3A/RERE/STX8/RYBP/LPIN2/PARP15/SUPT3H/KDM3B/CREBBP/SPAG9/YTHDC1/ZXDC/GAB1/RCOR3/GNB4/SS18/PARP14/PHF12/AP4E1/GOSR1/EP300/CDYL/NAPB/NAB1/STX7/STX17/KDM3A/PARP9/KDM2A/FBXO42/AP1M1/BCLAF3/GAB2/SIN3B/KAT7/CBFA2T2/JMY/NCK1/NCOA4/STX5/GAB3/KDM7A/GAS2L3/KAT6B/MED15/CASP8AP2/MED14/TCERG1L/BCL9/ZMYND11/TADA2A/BCLAF1/SIRT1/SS18L1/MED24/MED17/HNRNPU/CBFB/AP1S3,96
MF,GO:0019199,transmembrane receptor protein kinase activity,25/2793,69/15985,0.36231884057971014,2.073636472132713,4.112327731792045,1.5049675277508084e-4,0.004778271900608816,0.0041122577622313755,ACVR1B/FGFR4/BMPR2/EPHB1/BMPR1A/ERBB4/MET/ACVR1/ACVR1C/KDR/EPHA3/EGFR/TGFBR3/IGF1R/PDGFRB/BMPR1B/FGFR1/TGFBR1/CSF1R/KIT/TGFBR2/NRP1/FGFR2/MST1R/ENG,25
MF,GO:0051020,GTPase binding,34/2793,106/15985,0.32075471698113206,1.8357551560842806,3.972311566429799,1.794434565612706e-4,0.005469436555987528,0.004707085197375646,YIPF1/ALS2/DENND5B/ROCK2/RANBP17/PKN2/DAAM1/IPO11/DOCK1/RIN2/DENND5A/GAPVD1/IPO8/DOCK3/MYRIP/TNPO1/KPNB1/XPO1/TRIP11/XPO6/ROCK1/RIN3/XPO5/PLEKHG1/DOCK2/CSE1L/RAB11FIP2/CDC42SE2/SYTL2/GOLGA4/DAAM2/SYTL3/PKN1/DOCK5,34
MF,GO:0004721,phosphoprotein phosphatase activity,43/2793,145/15985,0.296551724137931,1.6972357000876575,3.8806896322851294,2.0338754857852472e-4,0.0059608196929552245,0.005129977439855098,PTPN2/PTPN12/DUSP10/PPP3CA/PPM1K/PTP4A1/PTPRG/RPAP2/PTPRK/PTPN4/SSH2/PTPRM/CTDSPL/PPM1B/PPP3CC/CDC14B/PTPRS/PTPN9/UBASH3B/PTEN/CTDSPL2/PPP2CA/RNGTT/DUSP1/PTPRN2/ILKAP/SSH1/CDC14A/PTPN1/PPTC7/DUSP11/EYA2/EYA3/PTPN13/PTPRH/CTDSP2/PTPRT/PPP6C/PTPRB/PTPN21/PTP4A2/PPM1L/PTPRA,43
MF,GO:0016887,ATP hydrolysis activity,65/2793,246/15985,0.26422764227642276,1.5122373296772709,3.7254015648732413,2.657896902907479e-4,0.007501175703761107,0.006455632633572552,ABCG8/ABCG5/ATP1A1/NSF/ATP11C/ATP2B2/ATP2B4/ASCC3/SMC5/NVL/ATP9B/SMARCA1/OLA1/ATAD1/MORC4/ABCC4/RNF213/ATP8B4/RAD51B/ABCA1/ABCA8/DYNC2H1/ATP8A1/HSP90AA1/LONP2/ATP2B1/ABCC5/ABCA5/ATAD2B/ATP10D/CLPX/ATP10B/ABCD4/ATP11B/KIF6/ATP2A2/PEX6/ATP2C1/WRNIP1/AFG1L/MCM9/ABCA6/ABCC2/VCP/SRP54/ORC4/AFG3L2/ATAD2/ATP13A2/VPS4B/MORC3/RAD50/ABCB11/ATP7A/ATP10A/CCT8/AK6/ABCB1/ATP13A4/TAP1/KIF20B/SPAST/CHD1/YME1L1/BTAF1,65
MF,GO:0016757,glycosyltransferase activity,66/2793,251/15985,0.26294820717131473,1.504914819775677,3.7098665505602924,2.776621559620564e-4,0.007556377244395964,0.0065031399685850045,UGT3A1/GBE1/UGT2B20/ST3GAL5/ST3GAL3/MGAT5/TMTC2/EXT1/STT3B/PIGA/EXT2/UGGT2/PARP6/B4GALT1/GLT1D1/GALNT10/XYLT1/TNKS/PARP8/ART4/ST3GAL6/UGCG/CHSY1/TMTC1/ST6GAL1/PARP15/ST8SIA4/ZC3HAV1/UGGT1/C1GALT1/LARGE1/TNKS2/PYGL/PARP14/ALG6/ST6GALNAC5/ALG14/B3GALNT2/B4GALT5/DPY19L1/EXTL3/GXYLT1/PARP9/CHSY3/OGT/PIGB/GALNT1/PARP12/GALNT17/XXYLT1/ST6GAL2/MGAT4B/FUT8/PARP1/GALNT12/B4GALT6/B3GNT3/PARP11/UGT8/B4GALNT3/TMTC4/GALNT11/CSGALNACT1/UGT1A9/GCNT3/GTDC1,66
MF,GO:0019783,ubiquitin-like protein peptidase activity,32/2793,100/15985,0.32,1.8314357321876118,3.837584553619276,2.87614098702283e-4,0.007557308386591022,0.006503941324556164,USP43/USP32/USP24/USP34/MINDY2/SENP7/USP8/USP33/SENP2/USP47/USP40/USP9X/USP37/MINDY3/USP10/OTULIN/USP22/USP20/USP48/USP16/USP3/USP12/SENP6/USP28/USP15/BRCC3/USP4/LOC102118792/UCHL3/USP36/CYLD/MINDY4,32
MF,GO:0043178,alcohol binding,19/2793,50/15985,0.38,2.174829931972789,3.8283078424083965,4.554223982534365e-4,0.011567728915637286,0.009955373828487402,APOA2/SOAT1/OSBPL8/RBP4/TPK1/PLCL2/OSBPL10/OSBPL1A/GRAMD1C/ASTN2/NR1H3/CETP/ITPR2/STARD3NL/ANXA6/ITPR1/TRPC1/PROM2/GRAMD1B,19
MF,GO:0005543,phospholipid binding,64/2793,247/15985,0.2591093117408907,1.48294391270252,3.5195998009062595,5.219679610598771e-4,0.012830309236375044,0.01104197078914443,APOA2/SH3PXD2A/SNX1/EEA1/TTPA/MAPKAP1/SGK1/CLINT1/DENND1A/PARD3/PLEKHA5/RPS6KC1/HIP1/GOLPH3L/UNC13B/KIF16B/EPN2/PITPNC1/PITPNB/PICALM/ZCCHC2/PLD1/SH3PXD2B/SPTBN1/VPS36/SPTBN4/SGK3/TOM1L2/SNX9/ANXA4/ARAP2/SNX2/UNC13C/PLA2G4A/SNX18/C2CD5/SNX30/RASA2/PXK/CETP/SNX27/TOM1/STAM2/ZFYVE26/EXOC1/STAM/DENND1B/MTSS1/CPNE8/FRMPD4/ANXA6/SNX25/ANXA2/ANXA13/SNX14/SNX24/ARFIP1/BIN2/SNX10/WIPI2/ANXA7/RUBCNL/NCF1/SNX32,64
MF,GO:0032934,sterol binding,16/2793,40/15985,0.4,2.289294665234515,3.7565813798513426,6.528787831816586e-4,0.015546676024513246,0.013379719800071492,APOA2/SOAT1/OSBPL8/OSBPL10/OSBPL1A/GRAMD1C/OSBPL9/OSBPL11/RORA/OSBP/NR1H3/CETP/STARD3NL/ANXA6/PROM2/GRAMD1B,16
MF,GO:0140658,ATP-dependent chromatin remodeler activity,14/2793,33/15985,0.42424242424242425,2.4280397964608493,3.7784405368907783,7.005751740784456e-4,0.016176917655993196,0.013922115899549335,CHD9/SMARCA2/CHD7/SMARCA1/ZRANB3/SHPRH/SMARCAD1/CHD6/RAD54B/ERCC6/ATRX/CHD1/HLTF/BTAF1,14
MF,GO:0004843,cysteine-type deubiquitinase activity,28/2793,88/15985,0.3181818181818182,1.821029847345637,3.5535757413397997,7.416657285095413e-4,0.01654835717180709,0.014241782729708267,USP43/USP32/USP24/USP34/MINDY2/USP8/USP33/USP47/USP40/USP9X/USP37/MINDY3/USP10/OTULIN/USP22/USP20/USP48/USP16/USP3/USP12/USP28/USP15/BRCC3/USP4/UCHL3/USP36/CYLD/MINDY4,28
MF,GO:0061659,ubiquitin-like protein ligase activity,69/2793,274/15985,0.2518248175182482,1.441253028295452,3.3898770600121866,7.600951456866773e-4,0.01654835717180709,0.014241782729708267,WWP1/UBR1/RNF111/HERC3/UBE4B/RNF217/ZNRF3/UBE3C/HERC4/TRIM44/RNF185/ANKIB1/UBR5/PIAS2/RNF180/RC3H2/WWP2/UBE3D/PIAS1/RNF13/UBR3/RNF38/SMURF2/ZNRF2/XIAP/ATG5/UHRF2/NSMCE2/MDM2/RNF144B/RC3H1/RNF115/RNF19A/PDZRN3/MAP3K1/SHPRH/BFAR/UBE4A/CBL/CBLB/ZNRF1/RNF121/BIRC2/DTX1/SH3RF2/TRIM2/FANCL/HERC6/MYCBP2/UBR7/TRIM37/TRIM6/PML/HECTD1/RNF144A/PJA2/UBR2/RNF19B/NEDD4L/TRIM27/ITCH/RNF125/RNF114/HECTD2/RNF31/TRIM22/UBE3B/LTN1/TRIM38,69
MF,GO:0008134,transcription factor binding,32/2793,106/15985,0.3018867924528302,1.7277695586675583,3.45906024574872,8.975716068906245e-4,0.018998599012518217,0.016350500324352604,NCOA3/PPP1R13B/NCOA1/NFAT5/NCOA2/APBB2/FAF1/PER3/SUFU/CRTC3/CTNNB1/TAF3/RARB/MTDH/BCL3/PPARGC1B/ZFPM2/LMO2/NFKBIA/PER2/KDM1B/KDM1A/GTF2B/NAB1/GTF2E2/COMMD7/NFATC2/MDFIC/NLRP3/BDP1/HNRNPU/BTAF1,32
MF,GO:0003730,mRNA 3'-UTR binding,21/2793,61/15985,0.3442622950819672,1.9702945889313446,3.4935368169686347,0.0010727142516784108,0.022092115129160782,0.019012830122209102,CPEB3/LARP4B/PABPC4/FXR1/ANGEL2/DDX5/CELF2/HNRNPA2B1/CPEB2/CELF1/PUM2/GEMIN5/CPEB4/DDX17/LARP4/FMR1/PCBP2/SERBP1/IGF2BP2/LRPPRC/SECISBP2L,21
MF,GO:0140993,histone modifying activity,27/2793,86/15985,0.313953488372093,1.7968301151549972,3.4092036303966555,0.001146523533418148,0.022990814012227075,0.019786264856496014,KDM4C/NSD1/NSD3/KMT2A/ASH1L/KAT6A/PRDM2/KMT5B/JMJD1C/SMYD3/KDM3B/CREBBP/KAT2B/SETD7/KDM6A/EP300/KDM3A/KDM2A/EZH1/MECOM/KAT7/KDM7A/KAT6B/SETBP1/KDM5A/KDM4A/BAZ1B,27
MF,GO:0140303,intramembrane lipid transporter activity,11/2793,24/15985,0.4583333333333333,2.6231501372478814,3.661484051898674,0.001211045206143587,0.023661960181574702,0.020363864060120234,ATP11C/PLSCR1/PLSCR4/ATP9B/ATP8B4/ABCA1/ATP8A1/ATP10D/ATP10B/ATP11B/ATP10A,11
MF,GO:0101005,deubiquitinase activity,28/2793,91/15985,0.3076923076923077,1.7609958963342425,3.3497260343629045,0.0013252581298344931,0.025246167373347096,0.021727258286497086,USP43/USP32/USP24/USP34/MINDY2/USP8/USP33/USP47/USP40/USP9X/USP37/MINDY3/USP10/OTULIN/USP22/USP20/USP48/USP16/USP3/USP12/USP28/USP15/BRCC3/USP4/UCHL3/USP36/CYLD/MINDY4,28
MF,GO:0061630,ubiquitin protein ligase activity,65/2793,261/15985,0.24904214559386972,1.4253271383165083,3.1877533597877292,0.0014354748714365461,0.026678825659381664,0.022960227083567864,WWP1/UBR1/RNF111/HERC3/UBE4B/RNF217/ZNRF3/UBE3C/HERC4/TRIM44/RNF185/ANKIB1/UBR5/RNF180/RC3H2/WWP2/UBE3D/RNF13/UBR3/RNF38/SMURF2/ZNRF2/XIAP/UHRF2/MDM2/RNF144B/RC3H1/RNF115/RNF19A/PDZRN3/MAP3K1/SHPRH/BFAR/UBE4A/CBL/CBLB/ZNRF1/RNF121/BIRC2/DTX1/SH3RF2/TRIM2/FANCL/HERC6/MYCBP2/UBR7/TRIM37/TRIM6/PML/HECTD1/RNF144A/PJA2/UBR2/RNF19B/NEDD4L/TRIM27/ITCH/RNF125/RNF114/HECTD2/RNF31/TRIM22/UBE3B/LTN1/TRIM38,65
MF,GO:0003743,translation initiation factor activity,16/2793,43/15985,0.37209302325581395,2.1295764327762927,3.4127252847925664,0.001630698270584779,0.029152848441307732,0.02508941093926608,EIF2B3/EIF1/EIF2A/EIF3L/EIF4E3/EIF3J/MTIF3/DENR/EIF5/EIF3E/EIF5B/EIF4G2/EIF3A/EIF2S2/EIF4G1/EIF3M,16
MF,GO:0004435,phosphatidylinositol phospholipase C activity,8/2793,15/15985,0.5333333333333333,3.0523928869793533,3.6591191740246303,0.001721624907951244,0.029152848441307732,0.02508941093926608,PLCL2/PLCB4/PLCG2/PLCD4/PLCL1/PLCB2/PLCH1/PLCB1,8
MF,GO:0004629,phospholipase C activity,8/2793,15/15985,0.5333333333333333,3.0523928869793533,3.6591191740246303,0.001721624907951244,0.029152848441307732,0.02508941093926608,PLCL2/PLCB4/PLCG2/PLCD4/PLCL1/PLCB2/PLCH1/PLCB1,8
MF,GO:1990404,NAD+-protein mono-ADP-ribosyltransferase activity,8/2793,15/15985,0.5333333333333333,3.0523928869793533,3.6591191740246303,0.001721624907951244,0.029152848441307732,0.02508941093926608,ART4/PARP15/ZC3HAV1/PARP14/PARP9/PARP12/PARP1/PARP11,8
MF,GO:0003779,actin binding,71/2793,292/15985,0.24315068493150685,1.3916089146545423,3.1075196957676647,0.0017643624223901743,0.029227047083941582,0.02515326748624894,PLS3/IQGAP2/EPB41/SHROOM2/COBLL1/MYO5A/SPIRE2/ABLIM3/HIP1/DAAM1/MYO5B/SSH2/PLS1/IPP/WASL/MYO6/SPTBN1/SPTBN4/FLNB/MYO1D/ADD1/CNN3/PHACTR1/SYNPO2/LIMCH1/SGIP1/MYRIP/PHACTR2/CTNNA3/MYO1E/CTTN/ADD3/CAPZA1/PXK/LIMA1/SSH1/RDX/ACTR2/EPS8L3/CAPZA2/ARPC5/CTNNA1/PLEKHH2/MTSS1/MYO18A/MYH9/ANXA6/ARPC3/TLN2/EPB41L2/CORO2A/CORO1C/EPB41L3/JMY/GAS2L3/LASP1/TMSB10/DAAM2/EPB41L1/FRG1/SYNE3/ACTN1/LCP1/MYH15/SPTAN1/DSTN/POF1B/ACTR3/EPS8/TPM2/ABLIM2,71
MF,GO:0004713,protein tyrosine kinase activity,30/2793,102/15985,0.29411764705882354,1.6833049009077317,3.185453248785653,0.0020090271048373138,0.032571886252894325,0.028031889951033513,FGFR4/ABL2/HIPK2/EPHB1/LYN/ERBB4/HIPK3/MET/KDR/TEC/EPHA3/FER/EGFR/PTK2/IGF1R/YES1/PDGFRB/ABL1/SYK/JAK2/FGFR1/PTK2B/CSF1R/KIT/BTK/NRP1/FGFR2/BAZ1B/MST1R/MATK,30
MF,GO:0034593,phosphatidylinositol bisphosphate phosphatase activity,10/2793,22/15985,0.45454545454545453,2.601471210493767,3.4585662675789717,0.0021818655369225063,0.03393023549255,0.02920090718588016,FIG4/INPP4A/INPP4B/PTEN/MTM1/MTMR3/MTMR1/MTMR6/MTMR2/OCRL,10
MF,GO:0046332,SMAD binding,10/2793,22/15985,0.45454545454545453,2.601471210493767,3.4585662675789717,0.0021818655369225063,0.03393023549255,0.02920090718588016,HIPK2/BMPR1A/SMAD3/SMAD1/BMPR1B/SKIL/SMAD2/TGFBR1/SMAD7/TGFBR2,10
MF,GO:0052866,phosphatidylinositol phosphate phosphatase activity,13/2793,33/15985,0.3939393939393939,2.2546083824279313,3.319559568183664,0.002425812264399267,0.03696937890944483,0.03181644296254196,SACM1L/FIG4/INPP4A/INPP4B/PTEN/MTMR10/MTMR12/MTM1/MTMR3/MTMR1/MTMR6/MTMR2/OCRL,13
MF,GO:0004725,protein tyrosine phosphatase activity,26/2793,86/15985,0.3023255813953488,1.7302808516307377,3.1244754474476513,0.0025465458213474084,0.037530568671113276,0.03229941191062795,PTPN2/PTPN12/DUSP10/PTP4A1/PTPRG/PTPRK/PTPN4/PTPRM/CDC14B/PTPRS/PTPN9/UBASH3B/PTEN/DUSP1/PTPRN2/CDC14A/PTPN1/EYA2/EYA3/PTPN13/PTPRH/PTPRT/PTPRB/PTPN21/PTP4A2/PTPRA,26
MF,GO:0140326,ATPase-coupled intramembrane lipid transporter activity,9/2793,19/15985,0.47368421052631576,2.711006840409294,3.4336289801410196,0.0025611411691573364,0.037530568671113276,0.03229941191062795,ATP11C/ATP9B/ATP8B4/ABCA1/ATP8A1/ATP10D/ATP10B/ATP11B/ATP10A,9
MF,GO:0016877,"ligase activity, forming carbon-sulfur bonds",14/2793,37/15985,0.3783783783783784,2.165549007654271,3.2658871160553016,0.0026138480554282312,0.03758023053276061,0.032342151708675035,ACSL5/UBA5/ATG7/ACSL4/ACSBG1/ACSF2/SUCLG1/SLC27A6/ACSS3/UBA6/UBA2/SLC27A4/ACSS2/NAE1,14
MF,GO:0016763,pentosyltransferase activity,16/2793,45/15985,0.35555555555555557,2.0349285913195687,3.198860972835943,0.0028064326653742537,0.0396018831669478,0.03408201852881403,PARP6/XYLT1/TNKS/PARP8/ART4/PARP15/ZC3HAV1/LARGE1/TNKS2/PARP14/GXYLT1/PARP9/PARP12/XXYLT1/PARP1/PARP11,16
MF,GO:0052744,phosphatidylinositol monophosphate phosphatase activity,8/2793,16/15985,0.5,2.8616183315431436,3.4279514287244037,0.002918863070690419,0.04043952108847453,0.03480290321607907,SACM1L/MTMR10/MTMR12/MTM1/MTMR3/MTMR1/MTMR6/MTMR2,8
MF,GO:0003688,DNA replication origin binding,6/2793,10/15985,0.6,3.4339419978517722,3.542522955117925,0.0031248391919115473,0.04158178426546196,0.03578595330485261,ORC2/ORC3/MCM10/POLA1/ORC5/ORC4,6
MF,GO:0003756,protein disulfide isomerase activity,7/2793,13/15985,0.5384615384615384,3.0817428185849236,3.4549517172079924,0.0031650176999957927,0.04158178426546196,0.03578595330485261,PDIA5/PDIA3/TXNDC5/ERP44/QSOX1/PDIA6/TMX3,7
MF,GO:0016864,"intramolecular oxidoreductase activity, transposing S-S bonds",7/2793,13/15985,0.5384615384615384,3.0817428185849236,3.4549517172079924,0.0031650176999957927,0.04158178426546196,0.03578595330485261,PDIA5/PDIA3/TXNDC5/ERP44/QSOX1/PDIA6/TMX3,7
MF,GO:0070063,RNA polymerase binding,10/2793,23/15985,0.43478260869565216,2.4883637665592553,3.2866407494455103,0.0032617650553718766,0.042126524952429995,0.036254765914302926,RPAP2/CDC73/WAC/RPRD1A/RPRD2/CTR9/TCERG1L/RTF1/PCF11/HNRNPU,10
MF,GO:0044877,protein-containing complex binding,108/2793,484/15985,0.2231404958677686,1.2770858669696674,2.8482629419371177,0.0033285761171841827,0.04227291668823912,0.0363807530001008,CRP/APOA2/PLS3/ITGA7/ACVR1B/VPS28/IQGAP2/SHROOM2/ARID1B/MYO5A/APCS/EFL1/ITGA5/ABLIM3/HIP1/CPEB3/NVL/SMARCA1/MYO5B/PSMD14/ITGA1/RAD23B/PLS1/STRN3/GNAI3/GNAQ/LETMD1/SCARB1/STAB2/MYO6/GPNMB/SPTBN1/DDX5/SPTBN4/EIF1/FLNB/MYO1D/ADD1/CNN3/GNAS/BICD1/ARID1A/SGIP1/PTCD3/RBM39/CTNNA3/PSME4/MYO1E/CTTN/ADD3/RBM23/EIF2A/ITGA8/CAPZA1/CPEB2/RNF169/PCOLCE/HP1BP3/LIMA1/STRN/PAFAH1B1/ACTR2/ADAM9/CPEB4/CAPZA2/MTIF3/ARPC5/CTNNA1/ITGAV/DDX17/TGFBR1/MYO18A/GTF2E2/MYH9/ANXA6/ARPC3/TLN2/CORO2A/CORO1C/GNA13/JMY/NMD3/GAS2L3/LASP1/ITGA6/TGFBR2/FRG1/SECISBP2L/MARF1/SYNE3/SPOCK2/ACTN1/ITGB6/LCP1/MYH15/SPTAN1/DSTN/POF1B/RBM3/LTN1/HMGN3/ACTR3/TPM2/HNRNPU/SMARCC1/LDLR/ABLIM2/CD36,108
MF,GO:0008135,"translation factor activity, RNA binding",23/2793,75/15985,0.30666666666666664,1.755125910013128,3.0160448538195226,0.0035926272980923457,0.04374073931927925,0.0376439847988824,EEF1A1/EEFSEC/CPEB3/EIF2B3/EIF1/EIF2A/EIF3L/CPEB2/GFM1/EIF4E3/CPEB4/EIF3J/MTIF3/GSPT1/DENR/EIF5/EIF3E/EIF5B/EIF4G2/EIF3A/EIF2S2/EIF4G1/EIF3M,23
MF,GO:0180051,translation factor activity,23/2793,75/15985,0.30666666666666664,1.755125910013128,3.0160448538195226,0.0035926272980923457,0.04374073931927925,0.0376439847988824,EEF1A1/EEFSEC/CPEB3/EIF2B3/EIF1/EIF2A/EIF3L/CPEB2/GFM1/EIF4E3/CPEB4/EIF3J/MTIF3/GSPT1/DENR/EIF5/EIF3E/EIF5B/EIF4G2/EIF3A/EIF2S2/EIF4G1/EIF3M,23
MF,GO:0004197,cysteine-type endopeptidase activity,16/2793,46/15985,0.34782608695652173,1.9906910132474043,3.096060837295959,0.0036163603374207254,0.04374073931927925,0.0376439847988824,CAPN12/CTSC/LGMN/CFLAR/CTSO/SENP7/MALT1/CTSS/CASP1/USP48/CAPN9/CAPN2/SENP6/CAPN11/CAPN5/CAPN7,16
MF,GO:0052742,phosphatidylinositol kinase activity,9/2793,20/15985,0.45,2.5754564983888293,3.2438430583476316,0.0039414321127576105,0.0469276760925203,0.04038671391855249,PIK3CB/PI4K2A/PIK3C3/PIP4K2A/PI4K2B/PIK3CA/PIKFYVE/PIP4K2B/PI4KA,9
