module,llm_interpreted_name,llm_summary,llm_phenotype_analysis,confidence_score
Functional_module_127,Neurodevelopmental Pathways in Neuron Morphogenesis and Guidance,"This module encompasses the intricate processes of neuron development, projection morphogenesis, and guidance, emphasizing the roles of various genes associated with these pathways. Key genes such as Reelin and its signaling partner Dab1 are critical for neuronal migration and differentiation, particularly in the context of psychiatric disorders. Semaphorins, like Sema5A and Sema3A, serve as essential guidance cues, mediating attractive and repulsive signals during axon guidance. Research indicates that the interaction between semaphorins and their receptors, such as neuropilins, is crucial for proper neuronal positioning and growth, which is vital for maintaining cognitive functions. Additionally, reticulon proteins are highlighted for their roles in axonal growth and synaptic maintenance, linking cellular structure to functional development. The integration of these pathways illustrates a cohesive picture of how neurons establish connections and shape neural circuits, relevant in both normal development and conditions like autism and intellectual disabilities.",NA,0.90
Functional_module_166,Synaptic Transmission and Postsynaptic Density Regulation,"This module emphasizes the critical roles of proteins and pathways involved in synaptic transmission and the organization of the postsynaptic density (PSD). Key genes such as gephyrin, various glutamate and GABA receptor subunits, and scaffolding proteins like PSD-95 are crucial for neurotransmitter receptor clustering and synaptic stability. The literature indicates that the PSD is a complex organelle that integrates multiple signaling pathways to ensure efficient synaptic communication. For instance, studies show that proteins like MTMR2 interact with PSD-95 to maintain excitatory synapses by regulating endosomal trafficking, thus preventing excessive endosome formation that could disrupt synaptic integrity. Furthermore, intersectin-1 has been implicated in the replenishment of synaptic vesicles, highlighting the dynamic nature of synaptic function. Notably, epigenetic changes affecting glutamate receptor subunit genes indicate potential pathways for synaptic plasticity and dysfunction, particularly in response to environmental factors. Collectively, these insights illustrate the intricate network of proteins that govern synaptic architecture and neurotransmission, making this module relevant for understanding neurodevelopmental and neuropsychiatric disorders.",NA,0.92
Functional_module_1,Cell Adhesion and Signaling in Development and Cancer,"This module emphasizes the critical role of cell adhesion molecules (CAMs) and their signaling pathways in developmental processes and cancer progression. Key genes involved include cadherins, integrins, and nectins, which facilitate cell-cell and cell-matrix interactions essential for maintaining tissue architecture, cell motility, and signal transduction. For instance, E-cadherin and N-cadherin are pivotal for adherens junctions, influencing cellular responses during epithelial to mesenchymal transition (EMT) and tumor invasion. The articles highlight how disruptions in cadherin-mediated adhesion can lead to aberrant signaling through beta-catenin, promoting cancer cell migration and metastasis. Additionally, the study of nectins reveals their role in cell junction formation and their impact on ocular development. This module integrates insights on how CAMs interact with tyrosine kinases (e.g., Fer, Fyn) to regulate cytoskeletal dynamics and signaling pathways, reinforcing the importance of cell adhesion in both normal development and tumorigenesis.",NA,0.90
Functional_module_15,Axon Guidance and Development in Neuronal Networks,"This module emphasizes the critical processes of axonogenesis, axon guidance, and axon extension, which are vital for the formation of neuronal circuits. Key genes involved include EPH receptors (e.g., EPH receptor A4, EPH receptor A5), netrin receptors (e.g., UNC-5), semaphorins (e.g., semaphorin 3C, semaphorin 5A), and Rho GTPase regulators (e.g., SLIT-ROBO proteins, TIAM1). These genes orchestrate the attractive and repulsive signaling cues necessary for proper axon pathfinding during development. Research highlights the role of ephrin-A5 in axon repulsion, mediated by localized cAMP signaling, suggesting that spatial regulation of signaling is essential for axon guidance. Additionally, Slit proteins interact with Robo receptors to modulate the sensitivity of growth cones to guidance cues, ensuring precise axonal trajectories. The insights into DCC’s function in mediating midline crossing and the dynamics of z-filopodia further elucidate the complexity of axon development and its regulation within the growing nervous system.",NA,0.92
Functional_module_130,Regulation of Rho GTPase Signaling in Cancer and Cell Migration,"This module highlights the regulatory roles of various GTPase-activating proteins (GAPs) and guanine nucleotide exchange factors (GEFs) in modulating Rho GTPase activity, crucial for cellular signaling, migration, and cancer progression. Key genes such as ARHGAP29, VAV3, and TIAM1 are central to these processes, influencing the MAP kinase cascade and various hydrolase activities. Recent studies indicate that ARHGAP29 acts as a negative regulator of RhoA, promoting the invasiveness of mesenchymal-transformed breast cancer cells, while VAV3 is implicated in ERBB4-mediated cancer cell migration. The interaction between Rho GTPases and their regulators is essential for maintaining cellular dynamics and response to external stimuli, especially in the context of cancer where aberrant signaling can lead to enhanced migratory and invasive properties. Additionally, the role of RhoU in vesicular trafficking and cytoskeletal dynamics underlines the importance of GTPase regulation in maintaining homeostasis and responding to cellular stress.",NA,0.90
Functional_module_129,Negative Regulation of Neurogenesis and Axon Guidance,"This module explores the intricate processes involved in the negative regulation of neurogenesis, axon guidance, and synaptic signaling, highlighting the roles of various glutamate ionotropic receptors and signaling pathways. Key genes such as semaphorin 5A (Sema5A), which serves as a guidance cue for neuronal growth, and components involved in receptor signaling like Eph receptors and TIAM1, collectively influence dendritic morphogenesis and neuronal connectivity. The literature underscores the significance of these interactions in developmental and neurological disorders, indicating that dysregulation in these pathways can lead to significant impairments in brain structure and function. In particular, studies emphasize Sema5A's role in modulating axon extension and its interaction with extracellular matrix components, further illustrating the importance of proper signal transduction in neurodevelopment. The regulatory effects of proteins such as MYCBP2 in stabilizing Eph receptors also highlight a connection to neurodevelopmental disorders, reinforcing the relevance of these pathways in both normal and pathological states.",NA,0.92
Functional_module_134,Actin Cytoskeleton Organization and Cell Dynamics,"This module emphasizes the intricate roles of actin and its associated proteins in cytoskeletal organization and cellular dynamics. Key genes such as gelsolin, CARMIL1, and the ARP2/3 complex interact to regulate actin filament assembly, disassembly, and organization, which are crucial for processes like cell migration, membrane dynamics, and axon regeneration. Gelsolin acts as a severing and capping protein that modulates filamentous actin in response to calcium, facilitating dynamic cytoskeletal changes. The studies highlight how CARMIL1 regulates actin polymerization and lamellipodia formation, while the ARP2/3 complex is essential for generating branched actin networks. Furthermore, the interaction between various actin-binding proteins and signaling pathways illustrates their coordinated influence on cellular architecture and motility, reinforcing the importance of the actin cytoskeleton in health and disease contexts.",NA,0.92
Functional_module_131,Cell Junction Organization in Fibrosis and Neurodegeneration,"This module focuses on the critical role of cell junction organization in various biological processes, particularly in the context of fibrosis and neurodegenerative diseases. Key genes involved include cadherins (such as CDH2 and CDH1), catenins (like CTNNB1), integrins, and proteins associated with tight junctions, which collectively contribute to cell-cell adhesion and epithelial barrier integrity. The literature emphasizes the importance of these proteins in maintaining cellular architecture, as evidenced by findings linking cadherin-catenin complexes to semantic dementia and idiopathic pulmonary fibrosis. For instance, studies indicate that the dysregulation of these adhesion proteins is associated with increased intestinal permeability and inflammatory responses, highlighting their potential as therapeutic targets in diseases characterized by compromised junction integrity. Furthermore, the expression of junction-associated proteins is found to be altered in conditions like non-obstructive azoospermia and inflammatory bowel disease, reinforcing the significance of cell junctions in diverse pathophysiological contexts.",NA,0.92
Functional_module_5,Synaptic Vesicle Cycling and Neurotransmission Regulation,"This module encompasses the mechanisms underlying synaptic vesicle cycling and neurotransmission, specifically focusing on glutamatergic and GABAergic synapses. Key genes involved include synaptotagmin 1, which is crucial for fast neurotransmitter release, and various glutamate receptors (e.g., AMPA and NMDA subunits) that mediate excitatory signaling. Additionally, proteins like protein kinase C and phospholipases play pivotal roles in modulating synaptic vesicle dynamics and neurotransmitter release. The literature highlights the importance of calcium-binding proteins such as synaptotagmin 1 in facilitating exocytosis, as well as the regulatory effects of GABA(A) receptor trafficking on inhibitory neurotransmission. Moreover, disruptions in synaptic function have been implicated in neurological disorders, including Fabry disease and the effects of hyperhomocysteinemia, which correlate with altered gene expression related to synaptic transmission. These insights suggest a robust network of interactions that coordinate synaptic activity and highlight potential therapeutic targets for synaptic dysfunction.",NA,0.90
Functional_module_7,cAMP and Ras Pathway Integration in Cell Signaling and Angiogenesis,"This module highlights the integration of cAMP signaling and Ras pathways, emphasizing their roles in regulating cell adhesion, migration, and angiogenesis. Key genes such as protein kinase cAMP-activated catalytic subunit beta, adenylate cyclase 2, and various guanine nucleotide exchange factors (GEFs) like TIAM1 and Vav2 play crucial roles in these processes. The cAMP pathway, activated by G protein-coupled receptors, influences downstream signaling through protein kinase A (PKA) and Epac, which in turn activate Rap1 and Rac pathways critical for cell-cell junctions and cytoskeletal dynamics. Research indicates that cAMP signaling can inhibit angiogenesis via mechanisms involving thrombospondin and mediating endothelial cell barrier integrity. Articles also illustrate that Ras proteins, including R-Ras and p21 Ras, interact with various effectors to modulate cell proliferation and migration, linking these pathways to tumor progression and vascular responses. This module provides a comprehensive overview of how cAMP and Ras pathways cooperate to regulate fundamental cellular processes, impacting physiological and pathological contexts such as cancer and tissue remodeling.",NA,0.92
Functional_module_132,Calcium Ion Homeostasis and Glutamate Signaling in Cellular Function,"This module addresses the critical roles of calcium ion homeostasis and glutamate receptor activity in cellular signaling and function. Key genes involved include ryanodine receptors (RYR2, RYR3), phospholipase C isoforms (PLCβ1, PLCβ4, PLCη1), and various potassium and calcium channels (TRPC3, ATP2B1, KCNAB1). These proteins collectively regulate intracellular calcium levels, which are essential for processes such as muscle contraction, neurotransmitter release, and synaptic plasticity. The literature highlights the intricate interactions between voltage-gated calcium channels and glutamate receptors, particularly the modulation of synaptic activity and coordination, as evidenced by the studies on α2δ-2 and GluK1 interactions in Purkinje cells. Additionally, the role of calcium signaling in insulin secretion and its implications in metabolic disorders further emphasizes the importance of this module in disease contexts such as diabetes and epilepsy. Overall, this integrated view underscores the significance of calcium dynamics and glutamate signaling in maintaining cellular homeostasis and function.",NA,0.92
Functional_module_8,PI3K-Akt Signaling and Insulin Resistance in Metabolic Disorders,"This module explores the critical roles of the PI3K-Akt signaling pathway and insulin signaling in regulating metabolic functions and their implications in insulin resistance and related diseases. Key genes such as Akt, IRS (insulin receptor substrate), and various protein kinases (e.g., PKC, mTOR) are central to these pathways. The activation of Akt by PI3K is pivotal for processes including glucose uptake, glycogen synthesis, and protein translation. This module also delves into insulin resistance mechanisms, highlighting the impact of serine phosphorylation of IRS proteins, which diminishes insulin receptor activity and contributes to metabolic disorders like type 2 diabetes. Literature indicates that increased oxidative stress, lipid accumulation, and inflammation are also significant factors in insulin resistance, as demonstrated in studies linking specific genetic mutations and alterations in signaling pathways to impaired insulin action. The interplay between these pathways underscores the complexity of metabolic regulation and the potential therapeutic targets for insulin resistance-related conditions.",NA,0.92
Functional_module_133,Synaptic Signaling and Plasticity in Neuropsychiatric Disorders,"This module encompasses the critical processes of synaptic signaling and trans-synaptic communication, focusing on key receptors and proteins involved in neurotransmission. Central genes include multiple subunits of glutamate (GluA and GluN) and GABA receptors, such as GRIN2A, which have been implicated in synaptic plasticity and neurodevelopmental disorders like schizophrenia and autism spectrum disorder. The literature highlights significant findings regarding GluN2A mutations increasing schizophrenia risk and alterations in glutamate receptor signaling in the context of various neuropsychiatric conditions. Research indicates that proteins like KIBRA and PICK1 play essential roles in AMPA receptor trafficking, which is crucial for synaptic function and plasticity. Additionally, synaptotagmin-1 is identified as a key calcium sensor for dopamine release, relating to behavioral responses in alcohol use disorder. These insights collectively underscore the importance of synaptic signaling mechanisms in understanding the molecular underpinnings of neuropsychiatric disorders.",NA,0.90
Functional_module_136,Ion Transport Regulation in Cellular Homeostasis,"This module focuses on the crucial role of transmembrane transport processes, particularly highlighting the transport of calcium, potassium, and chloride ions in cellular homeostasis. Key genes involved include various potassium voltage-gated channels (e.g., KCNQ1, KCNE1), calcium channels (e.g., ryanodine receptors), and auxiliary subunits that modulate channel activity. These genes participate in maintaining ionic gradients essential for cellular functions such as muscle contraction, neurotransmission, and overall cellular signaling. Research indicates that the Na+/K+ ATPase plays a vital role in establishing sodium and potassium gradients, while auxiliary proteins like KChIPs and DPPs modulate the voltage-gated potassium channels critical for action potential dynamics. Additionally, the studies reveal how ryanodine receptors and their auxiliary components regulate calcium release, impacting muscle function and signaling pathways. The findings underscore the interconnectedness of ion transport mechanisms and their implications in health and disease, particularly in neuromuscular and cardiovascular contexts.",NA,0.92
Functional_module_196,Phosphatase and Kinase Regulation in Cancer Metabolism,"This module emphasizes the intricate interplay between phosphatases and kinases in regulating cellular signaling pathways significant for cancer progression and metabolism. Key genes involved include various protein tyrosine phosphatases (PTPs), such as PTPRD, which functions as a tumor suppressor, and various serine/threonine kinases like TAK1 and PKCδ that modulate signaling cascades. The literature highlights the role of phosphodiesterases like PDE4D in regulating phosphatase activity, which impacts tumor cell proliferation and metastasis, particularly in liver cancer and esophageal squamous carcinoma. The dual functions of PTEN as both a lipid and protein phosphatase underscore its importance in modulating PI3K/AKT signaling, linking metabolic regulation to tumor suppression. Collectively, these pathways reveal a complex regulatory network where phosphatase and kinase activities govern critical cellular functions that contribute to oncogenesis.",NA,0.90
Functional_module_20,Phosphatidylinositol Signaling in Membrane Trafficking and Disease,"This module centers on the phosphatidylinositol signaling system and its critical role in membrane trafficking processes, highlighting the collective function of proteins involved in phospholipid binding and signaling pathways. Key genes in this module include protein kinase C isoforms (PKCα and PKCβ), phosphoinositide kinases (such as PIP5K1B and PI3K), and phospholipases (PLCβ4 and PLCε1), which are integral to the regulation of intracellular signaling and vesicle dynamics. The literature emphasizes the significance of phosphatidylinositol-binding clathrin assembly protein (PICALM) in various pathologies, including Alzheimer's disease, where it influences synaptic function and insulin signaling in adipocytes, and its role in cancer, particularly breast cancer, linking PICALM expression to immune cell infiltration and patient prognosis. Additionally, studies indicate that alterations in phosphatidylinositol signaling pathways can exacerbate conditions like pulmonary fibrosis by promoting fibroblast differentiation. This module illustrates the interconnectedness of lipid signaling mechanisms and their implications in both normal physiology and disease states.",NA,0.90
Functional_module_47,Aldosterone Signaling and Sodium Regulation in the Adrenal Cortex,"This module focuses on the aldosterone signaling pathway and its critical role in sodium reabsorption and blood pressure regulation, particularly through the actions of mineralocorticoid receptors (MR) in the renal collecting ducts. Key genes involved include StAR, CYP11B2, SGK1, and ENaC subunits, which collectively facilitate aldosterone synthesis and action. Aldosterone stimulates sodium reabsorption and potassium excretion by enhancing ENaC activity and Na+/K+ ATPase expression, thereby influencing blood pressure homeostasis. Literature highlights the regulatory roles of NURR1 and NGFIB in CYP11B2 transcription, emphasizing the importance of Ang II and ACTH in stimulating aldosterone secretion through cAMP and calcium signaling pathways. Additionally, SGK1 has been identified as a crucial mediator of aldosterone’s actions on ENaC, integrating insulin and mineralocorticoid signaling to enhance sodium transport. This module encapsulates the molecular mechanisms underlying the physiological effects of aldosterone and their implications in hypertension and related disorders.",NA,0.92
Functional_module_138,Regulation of Cell Migration and Projection Organization,"This module highlights the regulation of cell migration and the organization of cell projections, emphasizing the interplay between cytoskeletal dynamics and cellular localization processes. Key genes involved include p21 (RAC1) activated kinase 1, TIAM Rac1 associated GEF 1, and Rho associated coiled-coil containing protein kinase 2, which play pivotal roles in modulating actin dynamics and cell movement. The literature underscores the significance of Rho GTPases in coordinating protrusive and contractile behaviors during cell migration, as shown in studies demonstrating Rho's role in enhancing actin-membrane attachment and contractility through ezrin-radixin-moesin (ERM) proteins. Additionally, proteins like SNX19 and flotillin-1 are implicated in the trafficking and localization of receptors involved in signaling pathways that regulate cell motility. This module reflects a comprehensive understanding of how these genes collectively influence cellular architecture and movement in response to environmental cues.",NA,0.92
Functional_module_139,Regulation of Cell Migration and Motility in Inflammation and Development,"This module focuses on the intricate regulation of cell migration and motility, particularly emphasizing pathways involved in mesenchymal cell movement and the response to pro-migratory signals such as VEGF-A. Key genes like VEGFA, SLIT-ROBO Rho GTPase activating proteins, and various semaphorins play crucial roles in guiding cellular movement through specific signaling pathways. The literature highlights the significance of RhoA and GEF-H1 in keratinocyte migration during wound healing, where factors such as TNFα and VEGF-A enhance cell motility and inflammatory responses. Additionally, studies on NEDD9 reveal its role in endothelial cell migration and pulmonary arterial hypertension, indicating how these molecular interactions contribute to both developmental processes and pathological conditions. The convergence of these pathways suggests a coordinated mechanism for regulating cell movement in various biological contexts.",NA,0.90
Functional_module_140,Receptor Serine/Threonine Kinase Signaling in Fibrosis and Angiogenesis,"This module encompasses the role of receptor serine/threonine kinases in mediating cellular signaling pathways that are crucial for processes such as fibrosis and angiogenesis. Key genes involved include transforming growth factor beta receptors (TGFBR1 and TGFBR2), vascular endothelial growth factor receptors (VEGFR1 and VEGFR2), and fibroblast growth factor receptors (FGFR1 and FGFR2), which collectively regulate downstream effects like transcriptional changes, cellular differentiation, and tissue remodeling. The literature highlights the significant impact of TGF-β signaling in liver fibrosis and the importance of VEGFR trafficking dynamics in angiogenesis. Notably, the modulation of TGFBR2 has been shown to affect macrophage recruitment and inflammation in fibrotic contexts, while FGFR inhibitors suggest potential therapeutic avenues in related disorders. This interconnected signaling underscores the relevance of these receptors in both pathological and physiological contexts, particularly in relation to tissue repair and tumor progression.",NA,0.90
Functional_module_142,Growth Factor Signaling in Fibrosis and Cellular Response,"This module focuses on the cellular response to endogenous growth factors and their role in fibrosis, involving pathways such as cellular response to endogenous stimulus and response to growth factor. Key genes in this module include TGF-beta receptors (TGFBR1, TGFBR2), fibroblast growth factor receptors (FGFR1, FGFR2), and various signaling molecules like SMAD family members and phosphoinositide-3-kinase subunits. Literature highlights the critical functions of TGF-β signaling in fibrosis development, particularly in cardiac and liver tissues, where TGFBR2 is shown to regulate fibroblast activation and extracellular matrix production. Studies also indicate that other growth factors like VEGFA and FGF-2 are essential in promoting angiogenesis and tissue repair. The collective actions of these genes and pathways illustrate a robust framework for understanding growth factor-mediated cellular responses in both pathological and regenerative contexts.",NA,0.92
Functional_module_143,Mesenchymal Stem Cell Differentiation and Nerve Regeneration,"This module explores the processes of mesenchymal stem cell differentiation and development, focusing on their roles in nerve regeneration. Key genes involved include semaphorin 5A, semaphorin 3C, neuropilin 1, and semaphorin 7A, which are essential in guiding stem cell behavior and differentiation into specialized cell types. The literature highlights a study demonstrating the effectiveness of mesenchymal stem cell-laden scaffolds combined with insulin-like growth factor I (IGF-I) in promoting nerve regeneration following injury. The findings indicate that mesenchymal stem cells enhance axonal sprouting and cellular transformation, while IGF-I contributes to differentiation and myelin synthesis, showcasing the interplay between these factors in regenerative medicine. Overall, this module underscores the significance of stem cell dynamics in mesenchymal tissue development and functional recovery after nerve damage.",NA,0.90
Functional_module_152,Calcium Sequestration and Release Regulation,"This module focuses on the regulation of calcium ion sequestration and release, highlighting the intricate balance maintained by various proteins involved in calcium signaling. Key genes in this module include phospholipase C isoforms (PLC beta 1, PLC beta 4, PLC eta 1, and PLC epsilon 1) and ryanodine receptors (RYR2 and RYR3), which play crucial roles in modulating intracellular calcium levels. The regulation of calcium ions is significant for numerous cellular processes, including muscle contraction and neurotransmitter release. The literature underscores the Golgi apparatus's role in calcium sequestration, demonstrating that it harbors elevated calcium concentrations and can release calcium upon stimulation, which is critical for maintaining cellular calcium homeostasis. This module elucidates the functional interplay among these genes, emphasizing their collective influence on calcium dynamics within cells.",NA,0.90
